data/time,0:00,1:00,2:00,3:00,4:00,5:00,6:00,7:00,8:00,9:00,10:00,11:00,12:00,13:00,14:00,15:00,16:00,17:00,18:00,19:00,20:00,21:00,22:00,23:00
2019.08.01,195.048,154.764,143.388,143.4,136.38,123.12,150.9,129.492,124.236,147.348,141.984,171.948,223.884,215.172,195.372,177.684,165.336,190.896,205.008,214.872,223.644,228,235.488,217.536
2019.08.02,193.272,155.832,133.32,130.848,135,132.648,137.22,136.212,111.744,133.716,149.472,173.592,202.092,199.188,192.972,191.7,180.828,171.468,177.216,197.22,213.036,236.976,217.212,180.048
2019.08.03,178.788,148.992,126.324,130.776,115.632,120.684,123.204,117.744,118.044,139.512,146.496,158.34,183.792,176.076,176.088,160.356,183.78,169.212,171.372,176.952,182.952,201.132,210.036,169.356
2019.08.04,151.656,129.876,102.612,113.748,95.856,102.588,97.848,89.676,100.896,101.916,102.84,143.208,152.436,135.804,127.644,122.232,105.792,121.656,124.284,134.916,145.248,137.076,149.292,125.496
2019.08.05,82.896,103.728,76.044,78.36,76.296,82.728,111.672,83.868,75.288,96.624,124.248,122.484,175.704,170.448,161.232,153.756,143.544,147.348,164.544,172.104,176.232,176.016,206.304,162.372
2019.08.06,127.404,115.992,101.952,91.368,101.832,93.66,101.976,98.448,97.764,119.124,129.336,136.224,166.74,162.132,170.532,153.24,158.532,163.248,167.556,162.06,164.028,212.712,180.18,154.404
2019.08.07,137.58,126.768,108.072,105.552,92.34,84.744,110.688,103.716,84.684,107.184,122.868,125.928,181.164,162.132,165,138.516,166.416,158.28,156.804,171.96,200.112,199.236,204.336,165.48
2019.08.08,145.896,139.668,118.824,97.86,104.112,117.312,110.748,111.036,101.064,130.464,128.22,130.68,195.168,186.012,155.544,167.256,166.836,163.08,183.828,181.848,204.072,214.896,200.952,195.624
2019.08.09,155.208,131.832,123.564,107.688,110.28,101.508,119.64,120.708,104.016,99.852,125.244,145.596,164.34,169.548,191.604,156.912,155.052,159.78,168.264,152.952,175.512,173.34,164.412,163.188
2019.08.10,129.24,120.456,101.652,112.716,87.864,95.748,90.132,79.716,78.384,83.928,84.372,91.332,95.976,109.668,112.704,96.54,100.224,117.66,122.892,147.264,143.904,143.7,136.596,128.664
2019.08.11,101.928,80.112,79.596,68.784,74.46,68.928,75.78,65.568,83.124,66.324,81.96,89.232,101.232,88.032,102.264,91.56,104.124,118.8,106.644,115.2,121.752,137.328,120.852,104.724
2019.08.12,87.996,72.12,75.336,63.396,65.004,72.6,90.96,83.424,66.48,72.648,81.096,98.772,141.504,122.82,119.076,108.912,119.76,116.316,128.496,138.552,168.108,203.148,168.036,140.088
2019.08.13,112.44,90.708,83.724,78.684,76.74,72.168,90.636,85.62,85.956,84.864,104.328,120.696,137.34,148.548,138.348,149.436,122.58,135.408,154.044,155.208,186.3,188.196,196.032,159.84
2019.08.14,135.492,119.304,106.704,94.152,85.92,97.236,97.116,104.064,99.972,122.688,139.116,133.344,180.66,197.364,160.56,149.676,150.876,152.868,159.228,173.808,185.736,194.712,181.404,160.704
2019.08.15,144.42,118.356,114.372,93.708,84.348,95.844,82.632,88.164,79.692,92.052,115.98,120.6,133.824,157.56,133.812,110.916,130.668,120.492,142.8,144.768,159.504,175.944,162.072,143.088
2019.08.16,114.6,110.256,90.852,90.168,85.704,90.804,96.024,104.724,95.1,106.428,114.168,116.088,153.984,173.724,157.308,137.7,157.752,145.776,165.924,161.628,188.484,185.544,188.46,165.588
2019.08.17,146.064,117.528,112.464,100.776,112.968,103.716,107.472,106.932,122.4,135.42,139.752,155.76,206.472,207.816,207.828,170.064,169.488,159.336,164.088,156.264,181.548,193.92,167.34,147.876
2019.08.18,134.268,109.032,91.344,83.328,84.768,84.636,81.936,86.724,91.548,94.728,92.112,87,119.652,123.3,152.772,136.584,133.032,122.304,117.132,137.184,144.72,157.008,156.828,149.616
2019.08.19,103.404,86.964,70.74,85.212,68.316,79.692,87.912,84,72.492,73.188,82.764,93.24,108.408,114.288,124.884,115.272,95.712,111.636,127.2,131.016,135.048,154.62,138.156,105.072
2019.08.20,86.82,88.392,72.816,65.64,65.208,82.188,84.216,85.848,80.16,89.316,102.108,101.868,123.984,123.66,108.972,106.992,118.2,133.236,116.544,142.176,133.032,133.596,123.252,106.476
2019.08.21,79.692,81.24,68.544,50.472,63.96,62.664,83.388,81.276,76.524,82.344,93.84,112.272,144.96,148.332,111.18,106.716,106.596,109.176,129.168,125.88,151.824,153.36,141.384,118.74
2019.08.22,97.392,80.484,71.496,62.076,62.808,75.36,95.496,77.124,89.832,99.204,99.78,113.268,139.56,158.808,148.128,153.336,117.624,132.552,128.268,143.04,160.236,155.568,164.532,128.7
2019.08.23,107.988,93.156,79.152,78.912,77.904,64.308,97.836,90.132,77.712,95.652,104.088,119.82,129.744,157.296,132.48,100.272,126.72,116.844,127.98,127.704,156.504,150.18,157.968,136.356
2019.08.24,105.216,88.272,86.796,78.468,73.056,71.328,78.744,73.428,83.844,85.152,89.46,94.812,120.648,105.24,126.252,124.308,101.124,91.008,98.64,119.604,129.984,147.78,152.16,124.32
2019.08.25,101.244,99.768,79.452,70.632,91.332,74.292,107.328,81.756,102.204,99.252,110.148,148.032,146.436,171.78,156.708,147.84,122.028,127.656,132.156,164.244,169.44,160.164,155.748,147.84
2019.08.26,108.456,93.024,98.964,83.376,87.3,79.812,105.456,95.88,96.912,116.556,118.704,143.328,193.368,188.568,184.212,157.38,148.332,160.728,183.372,179.16,228.852,199.524,206.784,186.144
2019.08.27,160.284,128.688,113.94,118.68,115.764,104.64,115.284,104.52,126.612,121.716,138.468,146.844,200.076,228.372,194.652,160.176,145.608,169.884,172.38,210.684,185.7,204.552,175.056,164.34
2019.08.28,124.404,116.064,97.524,90.24,81.9,72.672,90.816,93.876,81.744,76.992,77.664,80.088,89.028,119.496,101.16,97.764,89.004,98.196,104.376,151.896,139.872,144.168,112.344,96.732
2019.08.29,76.488,62.028,64.02,48.588,56.16,62.472,67.248,68.16,51.552,63.624,61.212,65.868,68.04,69.684,70.176,53.412,54.384,59.484,83.916,97.176,93.108,83.232,94.428,69.84
2019.08.30,53.844,51.876,38.508,37.38,38.4,40.86,69.312,55.632,56.652,70.428,74.988,78.552,89.136,105.744,76.944,63.66,69.564,69.492,76.332,87.372,75.012,81.636,84.924,78.312
2019.08.31,56.256,53.268,42.876,41.172,46.068,44.292,64.992,59.304,60.228,62.868,72.024,79.62,96.936,97.92,95.46,92.46,84.372,89.784,88.404,99.6,96.888,100.344,78.816,87.408
2019.09.01,57.768,54.3,49.98,48.648,43.08,49.044,60.816,62.508,56.556,66.768,53.088,58.548,57.24,52.164,70.428,57.6,61.344,72.468,64.068,73.56,62.652,65.28,68.616,53.808
2019.09.02,54.66,58.656,27.84,34.164,27.036,38.1,43.044,46.428,44.892,47.916,46.14,46.476,51.648,61.236,54.696,62.676,54.924,49.404,75.132,95.712,60.792,60.804,60.3,57.564
2019.09.03,40.848,38.724,32.724,53.916,31.956,36.612,52.176,65.808,50.412,43.536,45.336,59.484,71.46,62.4,59.604,39.672,61.584,57.288,81.168,81.888,84.216,81.516,67.464,60.744
2019.09.04,47.748,35.496,31.8,33.36,30.012,39.6,59.436,70.284,50.496,48.372,47.316,48.084,61.464,57.36,52.956,59.364,52.44,71.544,79.632,78.924,85.512,79.536,63.984,62.556
2019.09.05,42.54,41.592,32.064,33.744,37.572,35.484,56.16,62.184,50.184,49.992,42.396,63.288,71.172,86.28,59.724,45.648,50.892,79.788,87.696,85.572,84.708,100.056,71.664,68.52
2019.09.06,46.656,35.148,39.9,40.596,31.872,36.996,47.4,75.144,44.124,49.896,54.18,59.256,68.784,80.868,58.224,75.936,62.064,68.1,77.424,85.692,85.128,88.404,95.556,68.856
2019.09.07,57.336,43.668,36.768,46.332,31.188,37.02,51.072,52.56,68.58,52.872,67.92,71.136,99.288,93.576,80.868,75.9,77.208,73.728,90.156,99.528,100.524,107.424,77.28,86.304
2019.09.08,51.684,52.332,42.012,41.94,41.76,41.184,65.352,46.74,75.672,61.5,83.268,77.88,94.08,94.392,106.02,77.544,73.656,83.58,75.084,106.668,107.592,109.296,87.096,88.188
2019.09.09,64.26,55.62,54.444,46.608,45.336,44.712,74.448,65.52,60.696,59.364,59.772,69.96,72.648,79.812,73.668,82.812,76.392,72.888,60.096,96.276,97.44,107.868,97.98,104.088
2019.09.10,66.744,57.144,49.32,50.7,38.268,50.556,66.54,73.488,56.496,54.612,62.1,71.004,102.78,103.296,94.524,77.364,83.16,87.696,96.648,118.74,107.676,153.708,121.632,95.88
2019.09.11,79.236,69.972,66.312,67.524,61.224,59.928,77.856,70.98,66.996,63,69.456,84.492,110.028,110.112,90.912,96.552,92.988,98.772,110.004,111.564,126.816,140.448,125.472,111.444
2019.09.12,90.72,76.956,67.464,62.328,57.636,63.684,77.04,72.372,57.744,73.596,70.116,70.908,89.208,109.56,109.632,86.064,102.996,101.316,93.552,103.68,112.776,128.412,102.204,109.368
2019.09.13,94.08,75.456,60.288,51.6,50.676,58.836,63.204,54.528,79.008,83.808,87.78,103.476,116.64,137.412,102.312,111.732,97.908,96.012,103.824,107.244,134.508,122.4,120.948,115.14
2019.09.14,81.312,71.088,66.528,66.396,66.156,60.288,62.772,77.244,75.564,85.452,90.792,94.404,109.152,125.28,121.716,116.232,97.476,114.588,107.568,110.772,124.152,110.424,139.056,103.632
2019.09.15,85.656,67.596,61.776,57.6,57.528,60.948,64.716,59.172,78.624,77.652,78.144,65.556,92.34,87.588,80.772,93.276,87.54,98.424,94.332,119.208,109.752,108.912,88.68,77.352
2019.09.16,71.34,53.652,41.88,45.768,41.232,47.448,55.644,58.008,57.54,55.38,61.236,65.256,78.792,81.324,83.34,75.396,75.348,64.032,88.776,90.24,107.484,100.668,102.168,75.408
2019.09.17,58.788,68.868,52.608,47.892,43.644,51.204,81.396,66.372,58.008,53.436,62.136,68.076,98.448,77.964,80.232,80.508,82.308,65.988,78.456,94.512,95.28,112.632,92.172,87.756
2019.09.18,61.44,64.536,53.628,44.292,43.8,47.7,67.86,60.648,53.724,48.84,61.452,64.98,79.068,76.224,73.668,70.584,61.32,67.608,64.776,85.128,95.82,101.424,66.84,66.636
2019.09.19,54.396,45.636,42.924,40.248,36.36,38.808,65.532,56.292,53.052,49.5,46.188,53.1,71.988,78.468,52.584,69.312,78.576,62.232,72.864,83.556,83.184,92.868,74.34,57.948
2019.09.20,46.548,39.132,36.432,37.428,34.476,40.128,69.564,63.888,47.268,50.076,48.696,56.832,54.54,66.9,63.888,52.908,55.392,54.42,87.78,66.216,85.344,65.64,96.66,59.544
2019.09.21,63.06,43.524,44.112,34.74,31.296,48.432,44.784,45.972,57.312,51.504,62.832,58.992,53.628,72,58.896,70.176,49.908,52.716,77.196,75.24,62.316,83.88,59.736,68.112
2019.09.22,52.296,46.092,31.572,28.116,32.736,31.884,61.896,48.348,41.352,45.504,49.548,50.208,63.672,53.316,55.884,59.46,70.176,53.508,73.248,73.248,75.576,65.34,62.316,50.232
2019.09.23,37.584,32.124,30.972,29.568,27.264,33.48,68.376,61.392,41.712,41.928,57,44.652,66.948,59.304,51.204,57.372,50.844,63.192,79.236,69.228,74.532,59.88,67.584,69.492
2019.09.24,37.08,51.864,27.852,30.192,29.448,34.872,49.32,64.212,43.716,39.108,38.664,52.368,55.416,49.284,65.328,45.756,68.868,62.472,90.708,70.044,81.828,67.164,63.012,52.104
2019.09.25,44.64,39.108,31.428,27.444,43.224,34.32,54.96,60.648,43.836,44.196,48.42,57.36,44.652,46.428,67.392,70.872,46.236,53.82,71.568,88.356,72.24,80.868,60.9,54.228
2019.09.26,36.576,34.74,27.384,27.732,29.868,28.56,55.248,68.784,45.168,45.78,50.808,48.12,52.584,60.444,56.604,61.74,68.7,66.06,62.928,65.892,75.3,76.8,76.236,60.672
2019.09.27,46.968,41.076,41.16,30.516,28.596,35.232,56.52,71.652,43.2,49.332,45.684,51.18,57.024,57.696,48.18,53.16,54.456,53.724,88.572,65.232,64.5,61.788,59.664,51.144
2019.09.28,45.576,42.804,41.412,34.164,34.368,41.856,44.808,51.312,42.54,49.536,49.356,63.972,62.916,70.86,61.512,46.452,64.932,71.808,70.668,67.848,61.368,76.02,68.664,65.16
2019.09.29,55.356,40.74,35.88,31.284,27.804,39.408,58.608,54.336,46.428,44.568,48.9,56.352,84.948,73.224,53.88,67.26,59.676,71.604,90.768,86.604,71.376,89.772,77.328,50.1
2019.09.30,52.14,42.984,38.352,31.944,28.032,31.164,59.556,63.6,45.936,50.064,48.996,68.712,78.48,55.992,69.084,62.484,68.628,74.604,62.808,67.5,62.316,66.96,59.964,74.964
2019.10.01,51.516,39.744,36.6,36.144,31.32,34.752,55.176,59.508,59.184,56.028,65.184,55.644,62.58,81.924,53.532,62.844,54.108,62.784,62.088,75.288,83.064,78.816,63.84,60.156
2019.10.02,47.664,34.548,32.004,29.796,40.536,33.504,41.46,53.532,42,53.952,59.34,56.496,78.648,50.808,55.704,60.516,58.332,59.124,76.428,83.004,74.04,71.664,55.056,55.572
2019.10.03,43.344,35.316,36.18,32.088,30.912,39.036,53.616,50.628,44.328,40.728,52.8,66.552,74.916,79.476,82.452,59.352,61.02,84.96,69.732,78.888,76.284,66.3,74.556,77.664
2019.10.04,54.096,42.528,40.68,34.752,35.544,29.172,45.888,41.676,52.74,60.792,57.924,72.252,94.524,93.24,61.896,58.152,67.644,62.112,77.832,71.916,80.784,84.372,65.256,65.892
2019.10.05,54.768,45.54,46.572,42.816,31.8,30.684,47.388,44.256,53.988,44.508,55.872,44.292,64.332,49.944,68.484,49.656,51.96,53.7,62.184,73.536,67.224,70.704,72.564,51.288
2019.10.06,33.012,28.656,35.64,27.408,26.484,33.084,35.112,37.536,49.38,47.196,52.068,55.764,52.944,58.572,57.684,47.832,48.096,54.036,65.004,71.976,63.516,50.604,72.108,50.916
2019.10.07,39.492,29.328,29.292,24.108,22.428,29.688,53.52,42.756,44.832,50.46,52.812,65.136,66.828,57.084,57.6,47.46,61.404,66.336,85.02,71.34,70.98,57.084,62.844,47.22
2019.10.08,36.84,31.656,32.472,31.668,29.376,35.628,53.424,47.016,38.724,36.648,43.176,43.824,47.196,40.524,51.9,50.304,47.556,53.304,68.256,64.824,68.184,91.872,54.804,73.668
2019.10.09,35.004,30.156,25.236,27.504,23.076,30.672,53.412,55.152,42.06,40.728,41.016,39.048,56.292,51.696,43.836,37.176,48.48,45.048,69.576,79.56,85.872,79.512,65.604,49.224
2019.10.10,38.388,32.46,35.472,23.976,22.5,29.724,65.448,50.748,54.936,36.06,42.972,55.956,60.3,52.536,54.6,34.86,41.976,57.528,67.836,70.044,64.884,74.508,56.928,61.14
2019.10.11,46.032,40.896,30.156,31.536,26.16,44.976,40.956,57.096,45.9,42.312,59.088,44.46,56.304,48.18,36.012,66.624,69.444,70.404,80.568,77.112,65.4,70.272,62.4,42.204
2019.10.12,36.54,30.54,31.344,26.304,25.872,29.376,46.02,44.052,41.004,50.676,45.408,49.788,60.276,47.628,69.888,56.7,62.124,77.64,76.452,90.132,60.336,79.26,70.14,53.352
2019.10.13,45.744,33.072,28.62,27.348,29.088,27.096,51.552,51.516,36.972,44.772,49.212,56.964,44.76,57.192,53.376,62.172,59.844,64.248,68.04,88.248,63.048,77.556,65.748,52.656
2019.10.14,32.82,30.72,30.9,25.896,24.432,28.176,49.836,51.792,48.996,42.708,49.056,46.308,59.064,64.2,35.94,52.932,51.132,56.064,79.536,60.816,80.148,62.052,89.028,55.536
2019.10.15,41.22,27.972,28.2,30.024,26.304,31.536,62.892,50.88,45.156,41.604,43.56,43.512,54.372,46.656,54.528,55.884,49.356,66.564,76.788,89.004,80.892,93.72,81.012,50.868
2019.10.16,45.3,32.664,29.28,28.092,25.32,22.968,50.916,46.344,44.94,37.308,47.652,45.996,55.164,51.54,45.048,54.036,47.436,46.728,62.484,93.048,83.304,81.024,58.248,49.464
2019.10.17,41.052,31.548,31.272,23.808,25.068,30.552,46.716,61.26,40.8,36.6,42.636,55.284,60.78,60.108,39.564,34.308,52.752,51.6,80.664,64.464,66.372,72.348,76.68,46.704
2019.10.18,35.46,27.48,26.316,27.492,25.932,34.092,53.208,59.796,50.124,44.544,58.74,41.604,58.86,38.256,56.304,46.464,38.94,57.06,66.492,76.752,72,70.632,59.988,70.5
2019.10.19,35.76,37.236,30.036,26.976,37.548,31.188,46.764,43.02,45.396,38.424,44.292,61.464,43.392,59.952,59.196,36.852,50.4,53.712,88.416,74.832,48.984,61.5,78.804,54.492
2019.10.20,39.456,31.368,28.86,40.104,24.396,28.188,42.9,46.068,35.544,43.632,45.972,57.528,78.072,48.744,62.424,54.72,56.328,61.932,84.18,72.204,77.124,80.988,52.068,48.264
2019.10.21,34.08,38.868,27.84,27.768,38.7,31.632,46.788,54.384,46.92,58.188,45.528,50.46,64.284,61.632,49.56,41.364,55.524,51.12,78.72,93.756,68.748,88.104,85.572,67.14
2019.10.22,36.168,32.46,28.596,25.224,23.676,29.292,43.872,54.096,45.828,46.272,42.48,44.484,64.188,46.14,54.216,42.792,45.384,56.88,87.696,76.74,80.124,66.816,72.192,49.236
2019.10.23,39.864,32.412,24.36,22.02,27.108,32.4,42.024,48.516,46.524,44.496,46.164,42.948,61.272,45.696,43.812,52.32,51.552,67.212,82.38,75.24,72.456,72.324,63.264,60.756
2019.10.24,32.34,32.184,23.04,26.592,27.192,27.684,40.212,68.136,43.056,40.764,41.328,51.672,54.708,46.836,61.224,53.388,67.62,62.784,79.464,78.648,63.156,59.628,62.592,61.476
2019.10.25,30.096,34.584,27.744,27.864,23.088,25.272,39.804,71.304,47.748,38.832,41.316,44.976,65.208,54.396,34.608,53.784,58.764,71.076,67.152,67.404,81.876,79.716,77.724,48.216
2019.10.26,34.344,28.812,24.24,24.312,27.624,24.492,43.224,50.196,46.332,48.168,42.432,48.06,69.456,57.492,43.992,45.324,36.492,81.324,75.444,73.68,79.512,60.252,60.264,44.496
2019.10.27,57.588,35.928,28.08,27.528,23.412,26.484,41.892,49.8,47.82,43.164,46.176,58.776,55.068,47.316,55.032,59.76,48.18,61.416,85.5,103.98,77.58,89.868,92.7,70.452
2019.10.28,45.48,56.652,29.268,25.356,24.372,30.732,39.048,61.308,44.772,46.26,44.736,50.436,56.64,55.584,42,49.464,64.74,63.888,78.756,89.844,76.704,71.436,72.216,48.696
2019.10.29,37.992,28.416,32.388,36.6,34.404,27.84,43.62,67.584,42.372,46.236,45.828,48.168,57.984,58.02,42.204,52.08,58.296,63.648,75.168,84.696,86.652,94.044,65.316,50.172
2019.10.30,46.008,39.516,31.86,24.204,24.648,25.332,58.32,71.64,45.228,37.524,44.592,48.636,39.3,52.224,50.292,46.128,60.3,57.192,82.92,79.308,64.956,74.52,84.612,65.364
2019.10.31,32.856,31.116,24.36,26.796,28.116,31.164,52.92,69.744,40.86,44.232,48.696,58.668,53.244,57.192,62.772,56.736,71.544,53.7,72.948,85.98,79.68,72.48,68.832,58.104
2019.11.01,45.672,32.52,29.04,25.968,24.396,25.332,54.96,55.476,40.032,38.844,42.276,50.772,54.384,44.376,52.044,55.416,54.708,61.8,61.236,77.088,78.06,74.88,72.144,53.532
2019.11.02,37.296,27.408,26.748,25.14,19.98,28.74,45.564,48.012,61.968,36.312,51.228,45.192,67.332,60.816,61.836,46.98,56.808,63.564,87.876,73.68,59.28,83.052,83.964,50.22
2019.11.03,34.14,33.192,29.58,23.952,23.796,26.052,36.156,53.304,44.028,56.148,54.948,57.864,76.164,57.96,54.18,51.948,53.58,59.604,68.976,62.928,88.452,71.508,61.188,63.504
2019.11.04,44.604,29.34,26.94,29.7,43.8,28.5,53.16,79.272,37.272,36.264,38.628,53.304,59.4,60.564,55.308,48.972,54.168,76.596,84.636,84.552,84.288,76.776,78.972,67.896
2019.11.05,44.256,34.044,30.984,23.82,24.288,38.472,47.064,56.64,42.528,45.648,43.848,44.472,50.904,42.036,51.216,52.824,38.436,52.74,69.252,58.404,68.088,80.1,88.644,59.952
2019.11.06,39.348,38.316,26.076,32.568,22.872,30.564,44.268,49.452,47.52,45.408,41.388,59.532,55.992,69.528,33.552,56.796,45.768,55.488,88.404,80.172,56.94,67.812,79.68,63.072
2019.11.07,48.66,30.972,32.232,24.912,22.704,33.924,41.112,74.364,51.696,32.064,37.008,44.64,59.544,58.248,52.2,54.96,54.708,52.86,84.06,73.488,81.516,98.064,67.932,69.984
2019.11.08,34.008,27.396,23.556,29.688,29.136,32.484,40.56,48.672,41.328,38.676,34.224,43.512,60.456,46.008,37.644,53.484,52.596,57.9,83.364,78.888,81.384,75.024,99.756,58.236
2019.11.09,40.008,31.968,29.22,28.392,29.316,31.596,41.148,61.524,47.736,42.588,56.844,45.672,57.192,42.6,47.16,55.728,62.7,59.508,91.56,80.952,66.372,80.88,73.8,58.548
2019.11.10,48.324,38.76,36.624,33.912,27.324,26.52,40.308,67.704,46.476,45.852,48.264,56.004,57.828,57.588,73.44,56.448,46.548,56.172,84.744,84.216,101.196,77.112,82.2,78.516
2019.11.11,51.864,37.668,30.804,43.812,33.012,32.868,42.132,73.644,46.464,39.24,44.172,53.34,49.152,44.256,47.916,38.304,59.424,53.028,73.548,76.032,80.712,68.88,77.256,70.956
2019.11.12,57.756,37.068,23.952,23.772,23.364,31.092,42.12,55.716,39.6,38.292,36.696,43.14,55.32,52.932,64.356,58.032,58.8,74.676,90.744,62.964,72.888,86.172,66.66,73.32
2019.11.13,54.804,53.148,37.56,22.452,25.116,34.632,42.624,58.872,42.252,45.936,45.084,45.108,41.316,56.46,48.084,64.716,53.568,57.9,79.908,77.808,100.74,106.176,108.444,121.332
2019.11.14,80.496,54.768,51.684,45.132,56.808,57.96,79.488,89.184,56.832,67.032,55.404,41.94,68.016,59.268,42.024,75.48,69.588,88.272,112.404,109.416,105.984,96.804,81.18,62.052
2019.11.15,47.064,45.684,29.748,29.904,44.232,27.732,47.652,75.372,48.936,51.78,34.212,51.624,48.912,78.516,79.872,76.176,69.912,81.54,98.124,80.988,74.748,83.988,82.356,62.964
2019.11.16,49.956,48.492,37.644,31.968,29.928,28.176,48.3,58.44,45.096,55.968,58.308,63.54,67.848,77.076,58.056,61.62,52.02,70.752,83.016,89.964,77.388,80.976,72.708,54.552
2019.11.17,48.732,35.16,35.484,26.064,23.556,32.64,42.78,63.3,43.716,69.42,66.516,80.916,54.36,60.54,66.468,71.28,73.872,82.116,82.704,84.948,91.488,90.432,75.504,73.296
2019.11.18,64.548,65.58,31.38,42.408,38.148,40.116,47.172,78.492,56.436,62.292,44.208,46.224,75.288,63.516,76.656,81.576,82.308,93.576,114.12,112.296,94.836,119.88,77.592,81.732
2019.11.19,58.272,50.256,53.592,55.308,51.168,58.368,67.44,90.06,61.752,51.264,49.248,68.304,53.976,68.316,58.68,58.908,94.308,83.088,97.908,116.208,106.584,124.356,82.956,90.996
2019.11.20,70.968,66.876,39.816,49.032,39.732,32.508,52.248,66.096,51.84,50.16,63.6,78.312,89.256,83.82,64.32,68.82,76.848,83.04,104.076,104.628,93.744,133.272,111.684,83.256
2019.11.21,50.16,43.164,39,34.284,35.424,31.68,47.58,81.78,69.66,42.612,68.424,79.692,82.824,83.928,63.276,60.468,55.98,91.704,119.496,91.824,97.668,83.232,99.564,67.128
2019.11.22,41.592,34.776,32.304,23.976,26.1,31.956,60.36,65.124,67.188,54.348,50.268,46.644,63.312,63.864,67.02,69.468,87.396,83.232,88.956,92.16,86.136,86.604,88.344,90.636
2019.11.23,51.756,44.016,37.788,34.872,37.248,43.788,51.156,55.86,44.868,62.232,48.72,77.436,85.308,69.768,76.38,56.664,80.376,87.732,87.936,85.62,84.312,86.544,70.152,69.78
2019.11.24,54.168,37.212,34.488,39.468,39.06,42.624,41.688,41.22,46.572,46.692,71.868,87.528,59.988,70.272,70.896,77.484,86.664,79.296,106.212,122.76,94.788,88.104,88.212,56.592
2019.11.25,50.22,38.748,37.848,34.164,35.556,33.636,59.7,60.576,49.68,54.216,64.44,78.012,93.96,99.888,83.952,93.816,93.744,93.42,114.132,124.608,119.28,127.032,99.144,106.908
2019.11.26,66.156,49.824,39.636,35.544,46.44,48.288,53.136,77.028,56.664,49.86,55.236,53.94,76.98,82.956,84.78,81.564,81.504,93.324,107.64,134.544,120.18,133.128,132.54,96.864
2019.11.27,69.84,70.056,56.976,56.736,52.788,59.436,61.62,78.552,71.82,64.74,66.288,74.544,83.196,75.84,79.56,79.872,109.464,114.696,120.744,126.96,139.692,122.88,133.332,92.088
2019.11.28,86.664,57.984,43.764,42.564,59.076,46.596,62.292,72.408,62.892,63,74.94,66.948,86.544,81.42,95.064,85.848,87.612,110.028,135.996,130.284,157.764,151.368,125.76,131.688
2019.11.29,78.864,56.436,54.72,58.896,59.016,66.36,70.704,99.576,97.524,76.464,80.628,84.084,83.064,85.452,95.052,78,79.056,108.744,105.612,123.456,163.824,131.196,108.804,111.852
2019.11.30,74.748,71.904,64.392,51.36,58.956,73.932,63.756,85.764,84.288,74.892,86.04,91.98,94.32,105.132,110.988,95.052,116.124,129.492,146.82,148.5,149.46,158.784,129.492,135.864
2019.12.01,64.116,66.096,79.2,75.72,41.088,53.292,46.812,70.14,69.06,82.488,106.86,105.06,101.208,124.284,111.036,97.836,133.956,171.948,142.62,165.3,169.296,177.216,149.244,133.308
2019.12.02,87.492,86.016,77.076,65.028,60.324,56.256,95.172,105.612,102.696,67.812,89.7,89.364,90.312,87.264,68.904,97.068,115.26,112.2,107.832,159.972,153.732,166.716,150.144,134.604
2019.12.03,110.388,77.364,69.972,61.596,70.716,62.136,76.536,99,89.052,91.236,77.196,80.808,93.588,92.208,88.428,87.948,91.92,120.42,131.16,176.88,179.904,185.628,175.992,149.808
2019.12.04,89.544,83.004,74.928,69.816,75.18,77.988,73.092,120.216,99.816,80.604,76.44,83.412,117.852,73.668,87.6,89.784,89.664,114.312,125.016,159.204,150.048,166.248,162.492,141.756
2019.12.05,88.296,73.152,85.5,84.648,75.132,81.072,94.788,112.656,96.084,81.528,85.32,87.276,98.052,97.284,90.228,89.256,78.96,127.104,147.696,152.124,146.64,159.096,142.572,148.284
2019.12.06,108.672,84.12,67.392,73.332,64.692,70.68,90.936,102.036,88.44,94.38,77.448,74.976,92.628,91.8,81.54,95.112,99.156,97.92,125.52,150.984,169.344,165.276,161.844,138.42
2019.12.07,110.316,78.48,74.736,65.784,55.404,48.96,61.668,101.772,91.536,76.656,89.208,112.992,101.856,113.412,118.86,106.452,127.656,141.996,122.568,129.408,148.908,158.46,160.476,133.86
2019.12.08,97.92,82.236,77.208,60.876,54.312,57.612,66.972,102.288,99.096,87.396,100.86,100.188,123.744,121.764,105.648,108.996,123.816,131.064,175.14,167.928,190.788,148.992,151.98,101.34
2019.12.09,105.324,87.912,83.304,73.524,61.056,51.336,69.504,127.164,94.32,61.104,56.04,80.544,87.684,88.248,82.74,80.436,92.928,105.708,133.968,140.436,144.576,158.58,160.62,112.68
2019.12.10,80.712,62.28,51.756,56.292,53.82,51.144,82.14,100.02,89.4,83.868,78.852,68.652,86.712,93.648,80.712,82.572,73.32,104.496,118.908,112.716,134.508,153.3,109.62,97.2
2019.12.11,57.252,50.616,42.78,43.248,45.54,44.004,68.52,108.432,86.88,73.728,68.388,68.088,80.244,95.472,100.296,96.456,86.28,98.52,120.18,144.768,123.564,144.072,150.192,104.34
2019.12.12,93.024,75.708,65.172,66.912,59.856,62.244,94.572,98.232,78.672,66.612,62.172,76.992,77.256,75.492,70.2,68.232,103.932,107.328,131.016,143.652,154.356,163.164,151.212,106.896
2019.12.13,100.968,80.364,72.324,63.552,63.984,43.296,81,108.18,99.192,64.872,54.804,61.224,67.428,81.3,81.672,71.1,85.872,92.064,98.796,126.18,122.652,136.308,112.776,103.368
2019.12.14,90.012,67.332,48.996,69.864,44.568,45.288,70.848,93.372,86.532,104.28,67.56,99.984,100.464,100.872,104.28,76.332,79.656,120.492,107.88,103.308,137.256,124.836,151.908,103.152
2019.12.15,95.676,69.18,47.424,46.152,50.364,47.088,73.692,91.488,71.388,90.252,75.588,66.336,81.324,84.48,73.368,74.88,125.364,95.928,110.952,115.308,132.852,152.796,129.552,88.008
2019.12.16,77.808,43.14,43.116,46.992,49.056,37.92,69.216,81.696,60.6,55.116,45.624,49.428,66.972,86.136,63.768,61.248,78.264,62.148,91.14,96.288,111.42,140.028,115.428,59.148
2019.12.17,53.856,39.972,34.332,37.632,34.32,38.16,55.92,75.516,70.68,55.992,48.636,74.508,91.656,85.644,93.564,74.712,89.088,102.648,109.152,107.172,119.484,158.82,117.756,105.9
2019.12.18,73.308,51.132,41.364,50.796,54.612,49.452,62.964,92.556,70.668,68.772,89.556,86.004,90.948,94.476,102.504,96.084,127.344,125.4,141.396,175.308,168.768,181.032,156.576,115.284
2019.12.19,104.544,79.116,80.328,71.58,76.608,71.568,82.32,140.16,102.588,100.644,96.432,99.78,95.916,103.692,93.468,111.876,112.068,123.456,123.24,145.452,178.044,194.772,181.068,137.928
2019.12.20,103.092,91.272,84.384,75.06,79.764,69.408,83.412,114.996,95.772,88.884,81.384,89.028,108.336,131.388,118.368,125.688,109.524,135.744,142.224,135.756,150.3,175.068,154.26,140.904
2019.12.21,95.868,75.06,56.964,47.316,55.5,51.432,67.704,96.528,114.828,109.296,96.756,111.564,109.572,112.644,114.936,128.328,125.316,146.052,162.6,158.652,177.156,171.696,170.004,108.276
2019.12.22,89.388,73.152,56.76,74.376,59.028,73.044,76.932,106.44,93.984,94.152,101.496,122.112,134.496,122.196,83.928,109.512,100.944,134.268,135.96,137.364,136.836,179.58,160.956,99.96
2019.12.23,87.936,70.776,64.908,54.912,63.144,52.08,61.416,112.116,97.176,92.652,77.364,93.864,96.9,119.472,93.516,99.732,78.348,109.704,139.164,154.68,141.024,172.392,137.424,114.516
2019.12.24,92.64,72.276,63.036,71.316,51.72,51.576,74.772,86.736,94.536,86.52,90.504,87.3,105.972,89.34,70.44,90.228,80.832,106.284,121.932,122.268,118.512,161.076,130.74,112.212
2019.12.25,74.196,84.312,67.164,66.384,66.72,71.556,92.544,110.352,84.036,81.72,88.008,81.732,62.316,69.696,84.648,79.188,102.144,122.76,138.048,139.548,145.152,130.956,155.4,118.128
2019.12.26,85.896,68.1,60.78,60.468,60.492,58.44,81.468,102.48,89.424,83.832,93.66,96.504,115.728,86.568,106.596,101.064,113.148,131.736,158.064,164.124,195.036,173.856,179.784,149.94
2019.12.27,111.096,97.968,89.976,73.572,78.492,88.476,104.676,130.44,100.056,87.12,98.844,90.648,78.3,82.836,117.864,112.668,117.252,115.824,147.288,151.608,181.524,181.764,168.996,162.12
2019.12.28,108.132,92.316,82.968,77.412,75.168,85.86,79.752,123.132,108.072,108.144,97.26,101.244,100.32,101.664,90.636,116.028,122.04,101.052,127.752,140.424,145.14,155.88,152.724,136.848
2019.12.29,116.448,87.42,70.608,67.92,61.86,47.736,69.9,96.384,105.708,87.384,88.992,124.308,114.816,127.62,103.2,105.72,141.852,134.748,146.28,128.304,154.284,136.128,154.092,128.052
2019.12.30,108.216,88.38,84.36,88.896,73.788,78.48,93.084,117.888,109.368,101.016,101.94,86.808,84.588,90.984,90.792,79.104,101.628,117.036,121.404,150.396,133.848,175.8,149.628,166.284
2019.12.31,109.452,104.808,87.216,78.468,83.808,84.492,104.496,134.928,143.928,89.904,96.6,109.116,127.932,141.576,110.124,159.876,149.976,162.72,196.104,190.356,213.48,194.808,214.848,185.964
2020.01.01,151.848,117.468,104.484,92.916,106.572,99.3,105.024,132.288,112.728,119.652,120.264,122.868,145.356,140.616,127.104,121.32,160.728,137.388,177.684,166.212,161.1,176.064,199.44,160.38
2020.01.02,130.032,108.36,86.16,77.952,83.316,69.636,82.116,117.924,118.032,73.44,71.844,96.252,107.568,127.356,131.544,120.132,122.472,102.744,138.876,169.188,162.552,159.312,164.232,150.756
2020.01.03,133.728,85.572,86.484,55.908,48.228,68.22,91.212,130.308,108.36,83.52,76.632,101.292,100.008,105.612,125.82,128.892,130.86,121.452,153.144,151.464,175.188,157.392,176.796,137.472
2020.01.04,96.792,89.436,77.52,87.876,68.34,66.9,94.944,98.724,87.228,109.788,101.532,111.708,129.156,119.46,130.272,116.172,137.124,143.424,159.06,165.696,151.284,192.6,181.932,130.644
2020.01.05,130.008,109.44,76.272,70.296,69.06,79.56,80.34,87.612,72.648,98.748,106.8,120.636,124.776,149.76,145.308,124.224,133.992,137.604,173.424,148.896,176.136,169.848,151.548,164.22
2020.01.06,102.348,76.656,64.908,57.264,55.164,56.556,72.876,90.864,82.428,74.172,80.304,90.72,95.544,79.2,80.796,92.892,66.12,83.064,123.42,125.376,159.888,172.776,146.352,128.52
2020.01.07,86.436,60.228,48.504,48.768,54.9,53.652,73.2,102.828,71.4,64.068,64.404,77.172,106.488,119.844,88.44,97.632,85.044,132.564,152.292,185.748,166.128,188.412,186.768,177.984
2020.01.08,105.66,80.82,92.412,70.716,59.412,75.72,81.276,107.952,108.468,75.912,85.536,91.404,104.172,100.08,94.656,118.392,113.328,123.492,153.624,189.036,196.416,203.856,190.836,145.464
2020.01.09,136.8,104.568,90.132,77.4,76.008,80.688,99.984,121.212,109.716,95.604,89.472,116.052,137.712,126.204,117.888,122.016,113.268,129.24,178.164,196.308,192.708,189.864,155.796,156.66
2020.01.10,124.632,93.156,84.336,87.648,75.732,80.232,90.66,136.176,95.196,93.348,90.06,106.8,123.96,111.012,127.032,143.976,145.392,149.28,186.492,211.464,221.484,189.996,173.64,165.564
2020.01.11,105.696,85.032,112.668,84.18,78.588,88.284,79.32,114.456,108.708,129.996,108.924,124.752,135.756,154.044,134.184,113.736,132.384,161.712,167.664,175.308,178.536,214.416,180.12,154.68
2020.01.12,131.172,96.576,91.056,85.596,75.3,84.66,92.772,112.152,102.468,125.772,101.688,98.34,117.192,130.812,139.728,127.536,141.576,151.5,176.016,174.888,201.372,204.048,176.184,153.06
2020.01.13,119.976,78.516,94.692,83.064,74.196,82.128,116.22,143.292,96.552,102.984,103.872,105.36,134.472,115.164,115.44,130.296,130.764,151.524,181.944,175.2,203.772,220.992,211.26,170.7
2020.01.14,123,96.768,96.108,89.772,83.184,79.392,106.908,132.54,132.084,110.856,105.336,115.596,118.8,119.04,130.524,113.844,114.036,142.38,187.272,205.236,231.672,230.868,223.5,171.672
2020.01.15,123.12,115.644,97.596,90.864,89.124,95.22,119.928,162.372,126.984,105.6,105.456,114.996,125.892,144.648,167.952,146.016,138.42,144.864,188.94,216.504,219.528,237.252,196.656,179.496
2020.01.16,124.116,103.548,87.528,89.724,85.296,89.976,97.26,128.256,157.44,151.428,120.96,134.712,132.864,154.308,144.732,154.188,158.952,163.368,173.784,197.868,218.424,225.168,235.5,182.712
2020.01.17,154.32,104.22,97.668,84.768,80.844,83.868,100.68,134.628,109.764,123.588,94.116,128.628,137.316,130.524,139.104,131.088,136.98,152.088,185.484,167.46,212.256,231.468,215.544,167.496
2020.01.18,142.464,111.936,106.188,94.368,84.72,79.98,95.796,134.772,115.716,138.72,136.896,131.544,130.98,138.312,133.86,138.096,162.732,161.148,159.6,173.448,202.536,184.884,204.42,183.768
2020.01.19,157.944,112.572,92.712,83.628,77.196,84.6,116.22,132.972,122.52,127.356,123.432,127.488,118.392,101.46,123.084,104.736,116.136,139.812,170.736,178.644,185.16,187.62,175.104,173.592
2020.01.20,130.356,97.152,92.232,97.524,94.056,82.92,113.136,134.928,126.648,130.728,110.94,104.472,121.308,140.304,126.636,114.084,134.772,136.92,162.684,176.472,194.22,200.688,205.008,178.884
2020.01.21,135.888,104.688,85.188,96.876,79.152,90.36,83.76,116.628,86.256,111.936,92.4,99.708,144.9,124.068,141.348,127.116,151.344,160.8,185.1,182.1,154.104,175.272,196.992,150.816
2020.01.22,115.596,80.736,84.984,65.052,65.796,62.052,88.944,91.872,110.532,110.22,117.948,119.244,140.268,114.444,123.12,116.796,119.472,123.588,148.428,145.944,154.092,178.236,188.412,134.124
2020.01.23,114.672,72.252,90.144,61.128,60.504,55.704,74.712,112.488,96.06,106.428,83.94,110.46,112.296,123.3,132,121.668,135.18,131.784,140.028,145.476,150.672,134.88,144.684,130.824
2020.01.24,101.004,82.368,73.368,73.944,64.968,65.316,82.212,99.444,107.808,102.456,104.688,108.504,124.212,125.052,111.072,134.04,132.948,103.056,104.4,118.128,164.856,188.664,156.456,116.916
2020.01.25,90.708,86.004,65.688,66.312,82.764,68.916,90.456,85.116,93.468,103.38,114.6,120.528,113.7,116.82,132.804,121.356,137.544,144.228,143.916,125.22,157.104,173.1,121.464,98.46
2020.01.26,96.984,73.584,81.96,75.06,68.208,61.812,63.348,91.8,86.424,78.072,94.776,92.52,102.48,95.064,105.888,94.692,103.776,105.78,130.692,156.684,161.352,146.544,120.384,99.768
2020.01.27,77.796,59.016,49.044,44.772,43.428,43.932,53.124,64.644,70.296,58.644,84.228,99.984,97.788,102.84,110.208,107.46,117.24,137.34,154.308,156.936,171.084,164.796,144.144,118.86
2020.01.28,89.232,78.54,79.452,74.748,73.716,64.548,72.048,81.42,102.444,87.612,81.504,90.972,99,98.508,91.152,77.892,82.152,109.908,121.116,129.96,158.952,157.56,123.192,93.564
2020.01.29,67.368,57.66,50.472,50.784,51.66,48.216,56.244,76.032,86.7,102.144,77.364,65.076,87.9,88.296,96.816,95.448,91.92,94.488,146.568,144.78,146.532,141.3,112.632,99.696
2020.01.30,88.2,49.356,47.052,42.972,44.352,44.58,52.476,60.084,73.536,97.116,72.528,86.916,80.112,93.948,75.048,103.608,101.58,125.04,132.012,153.504,168.624,136.548,115.116,91.116
2020.01.31,77.112,52.8,52.404,50.988,50.892,50.28,52.512,93.924,82.5,85.788,71.736,84.468,81.348,88.152,68.46,64.092,68.124,79.74,113.172,121.68,133.056,151.836,123.96,101.796
2020.02.01,69.588,59.556,57,54.456,48.996,54.432,50.916,100.932,103.404,97.572,73.476,75.336,75.888,77.256,77.388,69.492,65.46,79.488,115.632,122.316,125.976,111.072,103.8,73.284
2020.02.02,54.876,48.804,40.08,54.216,41.508,40.572,49.992,77.064,73.764,69.084,63.252,74.304,61.716,75.624,61.968,55.776,63.708,86.7,108.396,116.472,124.74,114.168,89.208,81.444
2020.02.03,56.184,59.352,41.22,43.356,42.672,38.796,46.044,66.312,67.536,78.588,69.216,73.644,74.916,71.196,82.2,86.196,86.352,96.096,112.644,112.932,137.796,133.248,121.428,84.12
2020.02.04,74.076,49.044,42.804,38.616,39.432,37.596,50.256,89.448,57.984,63.132,89.964,104.244,112.74,86.82,80.268,96.444,95.328,98.34,131.724,138.228,149.688,148.176,119.1,94.104
2020.02.05,81.24,70.164,63.672,59.472,53.544,51.372,51.576,93.036,77.664,88.608,84.144,95.064,88.32,112.608,102.516,101.904,104.592,124.752,137.736,146.304,139.2,141.132,133.02,105.456
2020.02.06,83.448,86.172,69.264,61.296,63.492,71.76,78.192,91.548,75.888,79.68,85.704,105.732,109.5,119.712,117.144,107.52,114.672,138.204,176.304,160.392,168.672,142.668,114.948,98.976
2020.02.07,79.536,72.72,68.508,63.168,59.076,58.176,62.82,79.512,94.452,75.492,78.204,108.3,116.088,108.816,97.968,98.712,124.584,133.284,164.772,147.204,145.092,135.372,106.752,93.996
2020.02.08,76.536,62.592,46.824,51.756,47.4,50.988,51.156,66.66,69.588,73.812,88.908,106.02,106.836,133.584,114.48,124.74,125.688,128.064,150.984,152.928,143.64,162.324,128.472,102.504
2020.02.09,82.956,72.252,69.444,62.796,61.944,60.324,72.348,94.356,72.108,90.108,85.644,76.008,81.756,94.704,93.804,84.72,87.168,86.124,118.5,133.452,139.872,126.744,93.432,66.192
2020.02.10,49.764,48.036,46.464,44.58,42.516,51.54,51.636,65.952,65.064,72.204,62.04,68.316,67.512,61.332,60.876,58.668,69.096,71.256,99.9,131.664,131.244,121.284,110.268,91.176
2020.02.11,84.168,68.748,50.88,65.976,51.48,58.8,60.66,65.508,82.584,63.732,88.524,82.08,104.796,89.868,77.136,82.38,90.456,100.752,133.296,146.784,115.944,110.112,94.44,84.588
2020.02.12,85.044,65.196,58.032,40.356,44.088,63.36,74.748,74.172,62.988,58.464,86.712,94.044,74.052,61.2,73.476,73.008,57.456,86.592,101.4,110.376,117.984,89.52,77.688,61.212
2020.02.13,51.084,49.188,31.332,36.108,31.98,37.128,44.304,52.764,51.156,51.972,63.552,74.1,69.048,87.528,83.196,77.52,79.596,87.192,122.916,119.88,136.212,114.036,100.884,78.108
2020.02.14,70.92,59.4,58.716,54.684,58.368,62.412,51.096,68.952,60.996,74.58,70.284,67.284,80.112,86.208,69.804,67.164,84.168,87.072,108.336,109.74,101.592,90.336,89.448,56.268
2020.02.15,48.012,58.92,46.644,33.804,35.544,46.488,60.204,49.044,58.944,67.812,73.884,99.852,97.392,79.692,78.9,96.24,111.78,117.192,135.912,152.136,157.692,145.38,120.792,107.58
2020.02.16,93,80.1,77.808,71.784,64.752,62.748,69.348,86.064,100.044,107.832,102.732,102.564,109.536,107.616,92.676,108.024,102.048,135.828,159.18,151.656,168.576,143.76,137.004,101.172
2020.02.17,96.42,78.06,76.296,75.336,69.828,77.244,84.408,105.024,86.472,97.884,92.232,122.028,116.988,99.696,84.42,82.272,95.856,111.24,128.952,165.66,157.416,165.348,120.42,109.968
2020.02.18,93.3,84.744,70.26,60.984,70.044,60.696,68.244,101.436,101.388,95.556,80.328,85.236,107.328,82.032,86.712,82.032,83.388,91.788,112.86,119.004,123.792,126.648,109.356,99.228
2020.02.19,74.28,60.12,50.388,49.944,44.412,51.24,64.824,83.472,72.396,86.556,75.732,96.612,101.892,82.692,80.664,81.252,95.052,120.108,138.324,127.812,123.348,140.736,115.932,87.012
2020.02.20,66.492,55.308,71.244,61.2,51.324,49.788,76.572,95.436,62.04,63.252,86.796,81.084,93.456,82.164,57.624,88.836,84.168,95.412,92.472,98.196,103.776,120.732,88.536,74.892
2020.02.21,48.048,37.836,46.332,36.9,34.284,36.396,32.52,67.164,80.232,56.796,43.764,53.544,60.612,49.008,56.412,58.68,69.048,74.196,107.4,101.208,117.636,96.228,84.144,62.568
2020.02.22,53.76,63.504,42.912,39.24,31.044,36.936,49.2,51.528,63.888,50.46,59.064,69.204,48.612,68.952,80.1,67.908,74.34,99.528,119.028,126.336,124.536,139.536,112.86,84.348
2020.02.23,68.088,58.692,55.824,61.296,63.576,61.164,54.696,84.84,72.492,75.24,73.56,79.428,87.408,68.796,65.208,43.596,59.796,76.476,111.576,108.564,116.016,98.976,72.936,72.78
2020.02.24,51.864,44.268,31.668,44.232,24.66,41.616,44.736,72.672,55.728,55.788,51.288,60.468,59.796,47.976,52.404,50.364,55.2,70.968,80.94,86.256,84.696,98.664,82.512,48.468
2020.02.25,37.668,30.876,38.688,31.032,45.456,30.048,30.42,65.568,56.496,61.728,50.232,69.12,70.368,50.208,60.096,53.76,58.02,95.892,93.924,91.284,88.8,72.156,81.336,44.7
2020.02.26,41.1,36,40.992,24.096,30.3,42.06,40.908,54.216,69.312,57.3,59.436,59.736,64.416,55.272,66.048,69.072,66.66,59.532,82.92,87.132,97.476,95.604,91.02,77.604
2020.02.27,46.572,38.532,38.748,46.488,36.54,37.212,43.62,63.132,59.952,57.408,56.04,82.212,49.968,66.624,47.868,48.012,49.212,62.112,90.636,97.56,117.156,80.64,71.784,55.032
2020.02.28,44.04,32.256,33.468,26.076,28.62,30.144,31.392,52.908,80.832,59.988,73.884,86.448,89.34,95.82,108.24,95.028,76.692,129.504,113.628,99.336,95.532,108.336,114.432,74.304
2020.02.29,47.496,72.36,40.788,40.368,47.16,46.224,43.152,54.312,59.652,56.244,65.952,78.132,72.084,79.812,76.344,69.504,73.812,94.548,109.944,88.248,97.344,96.456,78.504,60.504
2020.03.01,53.04,44.196,29.82,31.188,35.508,37.164,29.568,67.98,59.604,47.076,74.976,77.064,95.34,83.664,99.708,97.692,108.336,117.336,124.08,116.22,92.376,108.456,78.108,101.136
2020.03.02,71.484,65.892,59.088,53.64,60.384,58.512,63.348,100.68,74.184,74.316,68.46,93.12,66.144,78.672,71.844,63.552,62.388,81.492,92.688,94.524,108.288,120.144,109.824,66.528
2020.03.03,68.952,67.752,63.864,52.488,54.336,61.596,69.288,84.864,76.8,80.724,70.128,86.52,97.056,82.248,75.324,52.428,66.084,75.024,115.02,128.856,140.436,108.144,95.652,73.776
2020.03.04,78.036,47.292,36.804,33.168,38.112,34.224,50.304,77.196,59.232,68.268,68.904,63.96,61.992,65.64,48.624,55.812,62.148,79.452,96.084,110.004,103.32,112.128,93.888,75.552
2020.03.05,57.816,43.668,52.668,37.116,36.564,46.596,41.568,79.368,61.212,54.336,51.456,77.904,62.58,56.628,60.54,53.652,69.312,79.884,121.044,119.784,118.776,120.504,122.1,92.964
2020.03.06,80.004,73.488,66.612,58.044,58.956,59.208,73.86,95.688,92.88,77.064,88.308,88.248,61.296,57.816,45.876,51.984,66.252,73.236,84.528,83.988,112.44,89.82,108.936,71.328
2020.03.07,60.144,44.964,53.484,29.844,37.704,45.96,35.28,67.14,56.64,53.268,64.164,90.864,62.052,46.872,67.26,55.272,68.028,54.78,87.888,93.036,81.192,92.988,88.44,61.08
2020.03.08,55.488,51.852,34.092,33.264,39.984,35.172,47.004,47.796,48.504,44.16,63.204,76.524,72.276,59.04,43.86,51.084,50.52,76.908,79.656,91.824,94.248,84.924,69.024,55.116
2020.03.09,46.92,39.96,42.072,27.864,29.88,27.168,42.276,49.644,50.064,61.02,55.332,65.436,47.784,62.58,50.568,56.832,67.416,68.16,101.436,104.172,89.112,88.8,74.664,65.508
2020.03.10,46.032,40.704,38.328,32.016,34.644,36.96,36.804,65.304,45.252,57.54,71.016,66.048,69.684,54.912,56.664,57.396,62.82,59.484,80.208,106.44,92.952,103.14,77.952,58.752
2020.03.11,49.836,43.008,26.124,33.492,26.556,38.856,39.42,73.848,56.352,54.852,53.136,55.356,62.232,66.24,54.048,44.964,45.06,69.78,96.132,98.484,88.332,110.856,83.184,60.192
2020.03.12,39.984,45.072,41.34,26.844,24.948,32.292,39.204,73.224,56.208,56.712,43.68,72.888,43.404,50.124,53.568,53.52,49.944,52.044,71.352,76.836,88.92,83.496,65.364,51.24
2020.03.13,43.368,39.012,30.828,24.528,24.084,30.348,40.464,60.24,51.948,45.024,51.096,58.428,60.936,46.116,41.736,50.604,59.616,65.472,88.812,91.728,104.412,93.492,74.364,66.312
2020.03.14,50.46,50.412,39.408,46.944,30.66,30.96,50.04,62.868,78.96,55.836,60.396,66.624,59.244,53.172,44.124,42.972,56.472,60.924,71.628,73.104,96.024,86.184,97.224,52.164
2020.03.15,47.46,42.672,46.968,28.284,31.56,49.248,33.564,64.512,59.4,43.428,65.1,69.252,64.488,54.048,48.444,48.432,50.16,47.82,67.332,106.068,80.124,87.852,80.172,44.712
2020.03.16,39.288,39.996,29.004,26.484,28.068,32.496,43.8,85.98,47.172,64.656,58.644,52.272,65.496,36.192,37.824,46.8,48.372,51.552,69.576,77.352,71.604,84.768,64.056,55.056
2020.03.17,37.896,34.284,26.076,20.64,28.188,25.512,36.744,59.496,44.256,43.896,50.964,69.444,49.008,51.924,39.756,43.212,38.256,45.984,74.688,68.376,79.944,82.752,67.032,47.136
2020.03.18,35.016,24.696,21.912,24.324,21.612,23.676,32.112,65.196,41.052,51.144,46.992,43.044,43.428,56.832,50.736,29.244,37.116,41.424,54.588,56.496,73.308,68.604,56.52,43.608
2020.03.19,34.764,25.68,28.62,22.38,20.58,24.528,47.184,62.136,40.152,45.384,40.668,57.288,49.608,42.936,44.508,38.94,39.12,48.6,64.764,78.744,73.488,68.796,68.1,38.928
2020.03.20,34.632,25.992,28.824,23.628,22.38,27.012,29.256,58.044,45.24,50.196,46.656,45.852,51.372,42.6,38.472,36.732,47.496,46.824,66.012,70.968,59.748,64.26,58.152,42.888
2020.03.21,36.696,25.764,26.82,24.144,19.284,25.236,27.168,51.264,53.58,39.372,47.076,65.712,44.136,44.592,43.848,41.844,36.096,50.424,64.176,64.416,66.024,67.908,56.016,47.628
2020.03.22,29.184,22.332,27.576,21.048,19.344,21.3,36.888,41.748,39.204,50.232,42.096,61.464,55.08,35.268,31.836,38.964,41.448,51.732,59.088,68.04,69.996,66.108,54.804,48.084
2020.03.23,31.068,26.784,22.152,17.736,26.148,18.48,34.368,47.028,43.308,39.48,62.064,50.82,45.744,33.996,47.964,57.3,61.716,76.584,83.568,105.6,93.648,85.464,69.408,38.22
2020.03.24,34.416,35.94,36.9,28.044,24.468,27.732,37.68,52.956,71.496,73.176,74.568,57.744,66.708,72.648,42.24,47.064,54.504,52.752,70.2,86.352,62.304,93.42,71.364,61.62
2020.03.25,32.484,34.788,23.748,25.332,22.968,30.156,35.52,42.072,47.292,67.584,81.156,82.32,104.316,85.008,65.004,68.016,50.58,78.864,85.728,103.26,110.508,100.344,111.528,79.752
2020.03.26,65.22,49.536,41.028,39.3,29.46,36.396,56.976,63.024,59.172,54.348,80.124,88.488,74.952,73.032,67.956,76.8,68.556,67.032,96.636,102.144,107.604,96.048,89.616,80.748
2020.03.27,64.944,41.16,35.28,34.044,50.292,45.396,63.756,78.396,83.844,65.16,60.372,68.604,67.176,76.092,51.972,74.664,76.992,79.26,84.396,100.176,117.372,111.276,118.68,76.392
2020.03.28,69.252,53.496,47.808,43.116,45.792,60.3,59.076,83.556,86.424,69.228,79.02,99.456,109.776,83.652,89.244,110.604,84.852,93.78,122.652,122.724,139.008,135.54,114.744,79.704
2020.03.29,67.848,58.488,43.356,38.568,44.568,48.48,43.14,94.164,78.672,79.656,91.284,74.904,91.32,77.688,102.612,82.188,91.236,99.828,125.832,134.328,115.968,143.472,112.776,113.04
2020.03.30,71.7,63.96,46.032,67.008,50.352,72.072,76.392,93.336,74.088,94.14,80.46,68.784,89.616,100.32,94.596,95.04,91.116,104.232,87.744,126.948,123.888,148.728,127.5,102.96
2020.03.31,76.32,60.66,52.104,42.636,49.596,50.052,72.384,86.016,95.412,76.056,95.172,84.3,77.436,50.556,62.7,57.888,75.468,96.66,124.2,107.556,125.4,127.14,109.632,105.408
2020.04.01,66.864,57.096,53.88,48.024,42.096,51.528,60.924,79.296,72.552,70.032,71.7,68.292,79.5,76.272,67.08,73.536,76.272,75.036,127.62,117.588,123.096,109.32,103.548,93.42
2020.04.02,90.012,73.68,59.028,36.348,40.692,37.932,79.356,93.804,75.072,64.668,68.76,58.932,52.068,67.848,65.136,56.736,77.184,84.528,93.588,100.344,111.408,127.464,110.832,94.656
2020.04.03,78.612,51.06,63.816,42.156,47.052,44.892,53.676,70.152,71.208,69.132,65.88,53.376,80.568,67.116,58.812,90.72,53.04,81.42,84.312,115.452,101.436,129.468,108.156,92.076
2020.04.04,42.888,69.96,44.052,54.888,35.988,48.048,50.628,60.6,53.796,75.9,80.076,65.28,71.664,73.488,72.732,61.62,65.4,51.228,66.252,87.336,97.548,111.768,89.208,63.204
2020.04.05,55.98,40.368,31.8,30.48,42.096,33.048,66.876,64.716,76.32,77.424,69.192,74.088,85.296,69.252,73.104,68.568,65.004,53.424,119.712,100.584,112.02,106.152,88.332,72.924
2020.04.06,56.844,63.996,30.684,29.496,45.36,32.436,69.96,63.864,86.208,58.896,55.416,49.476,87.264,67.836,81.492,51.372,57.48,66.708,76.872,123.12,97.212,152.544,87.912,92.844
2020.04.07,45.876,47.16,53.076,55.092,55.704,46.368,73.716,71.34,59.748,69.96,54.984,62.352,85.86,67.092,67.416,56.484,47.94,68.052,74.496,77.58,94.344,116.076,92.424,72.768
2020.04.08,153.6,142.848,127.808,126.752,109.664,94.16,85.12,98.544,115.264,112.688,202.336,236.88,256.128,236.336,200.496,197.552,192.352,247.68,243.04,237.328,261.328,261.664,209.184,167.296
2020.04.09,156.352,140.832,128.304,119.584,115.056,90.768,83.504,106.4,110.112,110.784,198.256,220.32,245.472,233.216,202.512,179.168,178.736,197.808,223.696,228.832,274.432,267.328,204.624,168.336
2020.04.10,140.368,119.088,123.008,113.984,109.184,91.328,87.168,93.632,97.6,112.48,192.592,209.6,208.96,223.424,187.376,162.224,181.36,193.648,204.32,184.976,216.688,224.912,199.056,165.264
2020.04.11,135.856,117.088,123.52,99.952,97.168,92.784,81.824,93.808,78.256,91.296,166.736,183.104,191.136,184.784,154.208,128.64,141.12,149.2,129.392,162.816,207.072,180.384,138.496,131.92
2020.04.12,123.6,99.392,93.84,93.888,89.104,63.184,83.984,72.624,72.608,74.912,144.144,161.328,182.608,189.44,173.44,163.2,143.136,187.824,194.752,188.384,220.88,237.024,207.36,177.376
2020.04.13,124.368,115.792,98.64,101.744,89.072,88.592,82.992,85.856,93.488,101.392,148.096,178.704,189.76,187.264,140,145.264,150.24,188.8,178.976,209.312,218.464,222.496,174.272,142.416
2020.04.14,126.608,107.36,109.28,114.304,98.256,105.024,76.816,70.464,81.888,97.648,168.592,180.528,171.632,187.296,164.384,152.432,156.944,180.624,185.568,197.472,213.008,218.816,169.584,149.328
2020.04.15,125.632,126.784,105.008,95.36,89.632,93.488,87.216,88.784,91.904,84.448,157.376,167.232,185.312,229.072,173.168,177.28,176.16,193.68,195.664,207.056,215.296,240.384,191.136,146.432
2020.04.16,129.536,115.584,112.912,103.856,96.176,85.424,80.688,81.264,94.304,91.376,155.68,174.304,182.816,168.048,160.448,155.216,145.152,178.592,167.616,187.2,213.328,200.272,171.552,145.696
2020.04.17,112.704,108.048,102.48,91.776,87.936,84.688,79.888,65.152,77.856,86.832,145.408,147.792,143.2,151.904,129.664,114.576,119.408,140.304,161.76,173.152,178.72,172.032,130.432,116.16
2020.04.18,99.184,86.352,84.16,79.872,88.864,77.792,64.608,64.064,67.328,69.808,119.168,136.704,129.552,133.744,109.84,97.28,101.392,140.896,141.008,175.072,166.672,182.176,139.216,113.824
2020.04.19,105.936,90.032,83.84,79.312,76.272,81.008,61.84,76.848,49.008,70.704,107.808,140.688,146.256,135.296,112.208,113.12,106.624,147.072,164.848,190.032,180.576,189.984,150.784,135.808
2020.04.20,111.808,98.64,98.144,87.056,86.8,86.208,79.056,61.024,69.456,99.6,130.656,141.984,151.824,154.336,103.152,114.544,113.456,147.888,178.032,202.416,230.08,223.984,168.16,140.896
2020.04.21,109.504,111.52,97.104,92.464,89.632,86.784,77.648,89.68,93.76,94.368,150.8,180.192,191.328,175.552,157.392,132.352,137.6,162.88,174.864,222.208,210.992,213.28,159.36,129.984
2020.04.22,109.68,99.92,87.904,85.168,84.672,80.256,72.256,67.616,71.184,74.128,137.216,160.656,163.648,152.96,150.496,130.672,131.008,168.928,179.344,204.864,202.768,181.344,151.296,123.616
2020.04.23,106.816,102.528,93.696,82.24,81.824,83.008,84.192,75.584,69.648,87.696,147.584,157.36,159.888,158.464,153.888,146.448,126.208,182.544,191.056,201.824,210.192,216.048,173.888,142.624
2020.04.24,119.36,109.408,105.184,101.712,92.736,93.44,73.232,72.624,81.68,97.248,185.792,207.44,211.344,222.928,202.432,162.096,158.736,188.672,194.08,207.456,206.016,217.84,180.864,130.992
2020.04.25,111.136,99.328,86.656,77.888,92.864,84.88,72.928,76.928,67.376,84.88,132.608,145.248,137.504,158.752,131.728,152.992,145.072,145.232,163.696,192.208,194,163.824,146.736,117.28
2020.04.26,99.216,101.456,81.648,84.976,83.968,82.848,66.8,60.048,60.4,72,113.408,162.928,164.496,145.632,142.24,96.736,119.552,146.768,158.032,179.136,188.64,183.472,152.528,107.744
2020.04.27,104.512,89.984,82.608,75.616,69.856,76.352,62.272,60.288,55.984,75.776,146.992,161.168,142.384,152.064,119.216,109.904,114,149.024,150.528,174.48,178.944,167.152,137.712,110.544
2020.04.28,92.304,87.36,84.432,78.176,80.544,79.424,62.432,57.376,67.232,70.608,132.944,150.096,163.712,140.56,132.976,120.48,115.28,162.288,156.976,188.112,198.128,183.008,130.784,114.24
2020.04.29,98.08,86,93.44,74.832,78.464,82.432,68.448,68.64,68.496,85.104,124.112,153.536,160.672,195.936,151.712,123.2,126.464,179.696,162.768,199.856,199.584,190.848,162.816,129.136
2020.04.30,107.088,96.208,81.728,86.496,86.656,87.536,65.76,76.208,74.96,87.392,137.712,160,156.24,159.024,139.36,117.968,116.832,145.088,157.488,182.272,184.384,178.16,145.776,120.736
2020.05.01,98.144,92.096,84.352,87.36,85.168,79.952,67.152,69.664,70.448,77.104,137.2,139.568,145.552,158.464,128.368,125.472,107.968,148.512,143.888,189.872,194.704,189.136,131.872,118.8
2020.05.02,102.64,87.664,92.944,89.056,80.24,78.512,68.192,65.664,74.768,90.912,165.328,176.416,164.224,171.84,152.176,152.32,141.76,173.664,158.816,210.864,219.824,186.864,155.952,117.52
2020.05.03,104.432,104.848,104,85.984,84.656,84.144,66.56,76.816,79.6,93.008,147.296,196.224,194.512,199.776,156.56,155.648,150.688,171.744,201.52,219.776,223.632,238.384,175.872,144.528
2020.05.04,123.808,119.84,117.776,100.24,93.52,96.88,84.128,84.656,90.128,85.824,173.376,188.752,193.472,208.112,176.576,154.128,164.864,188.56,190.704,239.296,219.76,213.44,159.088,144.8
2020.05.05,120.848,104,99.728,94.736,83.728,80.128,75.424,62.816,55.808,67.968,108.848,114.112,99.168,114.496,92.56,64.736,86.24,122.272,123.056,167.36,153.264,154.896,109.504,95.04
2020.05.06,83.552,77.36,70.544,68.08,61.216,72.432,51.92,50.672,55.008,71.568,86.656,107.392,93.312,101.36,76.048,69.92,71.456,113.968,104.08,137.856,134.688,113.184,113.568,86.256
2020.05.07,78.176,70.448,68.144,62.896,63.568,68.96,53.68,51.152,52.416,52.112,104.304,120.144,104.384,123.808,75.376,73.392,76.464,112.08,103.68,142.096,143.296,133.904,106.816,96.592
2020.05.08,67.44,76.064,68.128,64.016,59.264,64.928,48.16,53.12,51.952,59.84,137.424,115.04,108.8,124.864,111.36,79.808,76.72,118.608,115.536,146.928,142.544,130.752,99.952,90.608
2020.05.09,74.992,72.176,73.008,68.448,63.056,57.584,49.2,47.856,42.384,51.696,82.384,99.12,87.584,81.728,71.008,58.896,58.464,86.416,91.504,126.576,123.712,122.976,91.856,73.088
2020.05.10,67.12,54.816,55.232,53.488,53.44,52.64,48.496,54.432,46.944,41.552,82.608,78.8,71.376,62.672,58.864,55.616,72.848,76.64,76.4,109.456,130.256,108.592,92.8,69.36
2020.05.11,71.216,59.2,56.72,52.672,50.8,57.52,52.048,52.272,46.48,46.336,77.424,98.352,69.04,68.528,62.464,56.08,55.952,96.304,92.08,126.784,122.32,123.712,89.12,76.24
2020.05.12,59.44,55.152,58.176,59.376,52.288,54.944,46.64,61.424,45.376,49.424,81.52,78.768,75.488,67.552,57.584,50.608,62.352,80.96,93.904,121.664,122.528,107.744,94.384,77.856
2020.05.13,66.384,52.848,54,49.44,50.816,55.632,45.984,52.992,38.544,58,83.424,90.464,98.24,93.872,70.192,57.808,67.12,108.96,109.264,142.176,131.248,124.736,115.152,81.872
2020.05.14,65.84,62.464,60.448,54.4,60.736,68.528,45.984,54.688,40.048,49.472,85.52,100.32,116,110.608,76.896,81.328,81.488,115.008,128.976,171.68,159.216,148.688,127.584,85.616
2020.05.15,79.152,63.872,60.528,59.184,55.84,60.928,45.616,43.776,43.728,58.88,103.168,117.36,113.84,136,93.184,92.816,80.688,119.888,108.08,166.8,168.224,126,114.768,98.784
2020.05.16,76.112,71.072,62.304,64.576,59.296,61.104,55.456,52.112,47.296,74.24,114.784,114.96,114.272,117.04,118.944,78.528,87.536,136.976,122.176,151.792,160.32,129.76,119.856,88.448
2020.05.17,74.112,69.2,61.824,57.264,60.192,64.544,45.04,55.072,45.136,52.832,91.056,105.936,118.224,86.528,65.504,64.88,65.648,110.112,110.848,134.608,139.232,130.464,121.52,95.792
2020.05.18,78.8,70.768,64.496,63.376,64.304,65.216,60.592,62.368,44.272,63.424,117.856,122,118.224,108.528,88.624,75.568,84.176,143.136,151.84,182.512,177.312,156.256,132.864,112.432
2020.05.19,89.888,71.264,76.336,63.84,68.784,67.904,65.584,66.08,62.08,67.104,132.048,131.056,134.688,119.472,89.92,87.616,103.456,130.528,137.232,171.248,188.912,167.52,140.112,98.368
2020.05.20,88.992,74.944,76.256,67.088,64.88,59.424,57.696,49.68,46.848,60.688,116.992,118.88,133.152,128.128,103.008,84.768,91.232,130.4,131.936,163.824,161.712,167.104,133.632,110.592
2020.05.21,96.192,79.024,69.568,65.92,69.856,68.16,61.024,54.112,47.056,59.52,123.904,176.848,150.288,159.392,141.616,110.736,140.288,138.848,122.208,166.368,157.68,148.48,116.224,105.28
2020.05.22,90.496,82.352,70.896,61.744,66.512,66.48,61.264,53.968,58.752,80.352,144.864,160.784,154.656,169.04,152.32,113.088,117.36,138.88,140.576,159.824,191.312,161.6,111.456,100.624
2020.05.23,84.048,75.648,75.184,72.816,71.712,68.064,53.808,52.448,56.976,69.12,134.192,138.016,131.376,104.576,101.6,86.88,81.2,139.584,120.544,147.296,133.536,127.808,101.328,90.416
2020.05.24,77.312,72.912,62.832,58.304,61.984,56.896,43.44,57.472,45.664,59.408,109.344,106.096,109.392,99.04,83.84,60.016,72.4,115.552,112.24,148.704,146.016,128.992,101.936,88.128
2020.05.25,74.24,66.88,63.248,57.952,68.672,63.952,47.12,43.856,50.16,42.416,97.312,91.136,109.744,126.128,90.432,77.44,76.56,124.512,114.928,157.52,168.944,137.936,104.24,84.928
2020.05.26,69.952,65.44,61.872,66.224,65.136,62,51.2,36.384,38.272,63.824,108.032,95.296,113.6,99.92,69.504,55.888,64.736,126.72,113.6,152.096,129.104,126.32,106.064,77.84
2020.05.27,68.896,60,56.48,56.832,53.984,58.064,43.552,52.464,47.152,57.056,75.136,97.76,78.592,82.112,59.904,69.6,63.312,108.128,99.632,139.136,138.384,107.152,84.848,70.08
2020.05.28,62.32,58.144,62.416,51.392,52.656,58.832,42.336,47.344,47.712,47.072,89.536,90.368,94.224,88.384,68.848,63.824,66.672,92.96,95.808,122.592,134.304,120.704,96.496,78.784
2020.05.29,68.912,58.848,60.208,55.344,50.4,51.968,46.784,36.608,41.888,49.792,100.912,87.952,88.464,92.128,74.128,59.76,56.048,85.216,91.088,125.376,132.016,102.624,76.72,73.76
2020.05.30,64.368,54.368,50.736,45.408,50.896,53.12,44.896,41.536,49.472,41.36,65.44,81.792,69.744,87.168,52.048,57.856,68.416,80.304,91.312,116.832,133.936,97.568,86.816,74.208
2020.05.31,58.384,52.416,49.056,49.12,50.96,60.368,46.576,39.792,44.88,46.88,80.768,81.936,78.8,76.112,79.568,59.536,68.032,73.68,98.368,129.232,119.776,97.104,93.392,69.504
2020.06.01,65.232,55.168,56.88,52.768,50.304,56.064,43.184,41.328,38.512,51.152,84.08,90.816,81.984,70.912,62.064,50.56,49.488,95.504,105.104,130.128,141.216,118.896,85.744,69.504
2020.06.02,67.552,55.84,57.152,49.248,50.96,48.464,48.624,36.88,38.496,46.512,86.016,78.56,85.024,78.272,67.968,55.2,78.064,114.992,91.056,129.664,142.256,136.816,99.12,77.392
2020.06.03,69.984,53.52,51.792,51.296,49.296,50.464,45.76,41.072,36.688,43.104,87.712,92.992,69.024,72.544,72.368,52.368,58.864,92.912,128.88,114.528,126.752,107.504,84.656,72.96
2020.06.04,66.624,55.904,55.408,54.048,54.416,51.664,41.472,49.008,39.68,40.096,80.608,85.712,69.664,94.512,66.416,55.696,56.688,92.4,100.288,132.64,124.336,121.888,96.544,77.392
2020.06.05,68,61.312,54.736,55.552,54.912,50.976,43.264,44.544,50.576,52.56,107.12,124.752,96.48,92.256,69.296,64.336,68.688,93.04,112.512,132.896,132.256,116.768,96.112,75.024
2020.06.06,63.6,62.224,52.016,53.344,56.928,57.072,49.408,43.888,44.88,59.44,97.504,112.016,102.096,88.384,61.072,54.384,46.08,108.496,106.752,121.904,143.472,127.856,98.864,79.152
2020.06.07,67.52,67.696,60.928,52.384,53.184,61.184,47.568,40.864,39.936,61.792,92.88,93.632,82.352,98.368,76.64,61.584,71.632,108.816,116.736,124.24,122.384,119.984,99.872,83.984
2020.06.08,70.944,61.808,57.728,51.504,58.864,60.448,37.44,48.912,49.104,55.488,109.424,105.2,95.92,102.896,97.968,60.88,60.736,92.224,111.44,120.528,139.072,124.032,81.936,76.944
2020.06.09,69.296,61.264,55.408,49.792,55.376,56.384,40.08,41.92,48.832,50.08,80.48,107.776,91.36,98.752,115.872,67.392,64.368,109.2,133.6,127.68,126.336,148.272,96.928,77.664
2020.06.10,67.76,68.096,62.928,54.816,53.824,51.152,42.016,44.24,46.688,48.064,96.272,116.8,109.408,110.176,122.976,82.064,75.584,114.704,132.752,139.44,130.352,132.192,96.352,76.768
2020.06.11,72.736,62.736,58.384,56.784,57.696,56.688,56.32,52.88,47.904,64.48,80.56,121.808,122.88,131.984,139.136,78.672,73.136,124.864,145.2,138.032,143.616,136.336,91.6,86.976
2020.06.12,72.48,66.656,52.512,59.328,55.808,61.408,49.024,45.648,44.64,64.736,92.528,109.248,93.2,76.288,71.616,49.312,52.4,90.88,112.432,113.408,123.12,105.584,105.424,67.536
2020.06.13,62.624,55.648,50.48,53.12,53.088,54.384,43.408,41.872,41.36,54.336,74.768,92,85.264,71.728,80.672,52.416,61.856,97.2,125.936,116.576,116.688,100.192,92.336,78.336
2020.06.14,61.92,56.384,47.392,48.416,52.896,59.76,37.024,45.168,36.256,50.448,76.992,97.344,82.288,76.016,80.608,58.768,63.328,80.992,112.512,133.648,136.544,106.384,89.728,69.808
2020.06.15,68.112,57.792,53.344,45.744,51.12,52.048,41.232,42.528,36,51.792,70.048,61.136,62.32,72.336,47.2,48.608,52.608,66.544,110.944,115.376,114.848,105.024,88.384,68.448
2020.06.16,53.68,53.712,48.896,48.288,46.448,45.168,46.256,38.512,34.208,47.712,82.432,76.16,70.56,77.632,52.256,47.392,48,77.984,107.488,124.544,106.832,106.768,86.512,77.264
2020.06.17,62.96,57.088,52.096,48.752,53.76,53.248,43.584,56.688,35.392,44,80.912,76.176,67.216,66.16,58.944,45.456,63.968,93.52,119.552,109.408,134.128,119.328,97.376,75.04
2020.06.18,61.6,55.776,46.48,55.12,59.072,56.224,36.56,47.952,39.792,52.624,68.912,67.584,69.536,66.48,52.016,44.928,52.752,89.072,119.52,151.264,131.024,118.512,92.736,68.944
2020.06.19,59.984,59.808,49.04,47.152,49.696,44.512,41.952,43.12,41.136,49.536,74.656,82.752,74.976,81.728,53.664,47.04,51.968,86.16,137.904,119.584,120.592,100.64,98.048,78.64
2020.06.20,61.312,50.784,56.464,51.168,53.328,55.84,38.944,42.144,42.016,56.496,70.752,93.504,75.424,93.856,79.744,76.896,59.52,99.216,132.8,138.928,133.904,96.512,93.216,69.664
2020.06.21,57.056,57.328,48.432,49.024,51.904,60.4,46.816,38.496,40.976,46.72,71.536,103.504,60.208,58.368,54.272,42.016,50,69.808,116.944,116.512,122.128,109.696,78.368,75.296
2020.06.22,62.368,54.208,46.384,48.096,52.192,51.888,46.416,37.712,40.944,46.816,65.36,75.12,62.88,56.688,49.072,55.104,49.024,72.112,117.008,101.12,104.08,110.944,77.008,78.192
2020.06.23,58.72,57.184,44.864,46.864,52.544,47.36,40.24,40.992,39.472,52.352,52.544,68.72,65.616,60.72,46.624,45.536,55.232,86.64,120.416,115.12,111.712,114.32,92.592,75.936
2020.06.24,60.304,52.496,48.16,42.72,49.696,51.424,36.224,32.096,40.864,52.656,74.24,78.992,73.552,85.376,48.64,52.688,46.96,72.48,112.512,125.552,110.992,111.568,92.4,65.744
2020.06.25,63.568,57.584,47.136,46.048,48.192,53.248,40.288,49.792,44.24,45.216,61.424,96.336,71.088,72.4,58.4,44.272,41.728,86.992,105.344,111.872,123.632,114,82.432,79.808
2020.06.26,60.976,52.448,48.336,46.288,50.288,45.136,41.68,41.744,35.264,38.464,62.992,74.48,69.552,68.768,58.784,46.064,50.24,81.44,119.104,122.288,114.32,109.584,82.912,68.224
2020.06.27,68.944,54.72,50.672,52.912,49.008,49.04,34.944,41.6,37.616,49.056,74,79.952,86.72,77.76,66.256,46.256,50.688,80.432,126.032,142.272,127.968,103.184,91.76,61.92
2020.06.28,59.728,59.52,47.744,42.928,47.824,47.312,40.336,46.688,32.496,41.664,60.608,64.416,61.568,75.968,64.24,47.776,54.48,75.952,113.264,105.584,135.04,106.24,85.984,67.424
2020.06.29,54.08,56.624,45.504,47.776,49.264,47.92,39.168,46.752,36.224,39.472,60.304,68.368,62.656,69.568,60.832,48.24,60.288,76.416,107.376,129.104,106.944,123.952,78.432,73.68
2020.06.30,72.048,59.44,53.36,52.608,61.728,57.2,50.288,55.52,44.992,46.944,71.296,77.392,67.072,64.368,51.504,45.456,47.328,83.808,108.4,127.648,109.872,120.368,82.144,71.664
2020.07.01,64.256,55.056,46.88,47.648,55.088,56.816,41.04,52.928,42.752,35.616,68.8,73.408,75.696,71.488,64.272,49.648,45.904,82.272,113.248,118.512,118,104.128,81.488,70.32
2020.07.02,55.76,50.64,51.872,49.376,47.84,44.656,44.576,45.536,34.512,43.552,72.016,76.752,69.008,88.288,51.184,50.304,54.4,84.496,106.064,125.856,107.088,106.448,84.224,71.968
2020.07.03,66.912,50.944,45.904,43.936,54.352,47.392,40.576,41.328,34.608,64.848,76.176,83.072,61.824,67.984,47.408,51.264,53.68,93.024,119.04,122.912,114.496,119.136,87.52,69.952
2020.07.04,62.16,52.752,47.088,42.496,50.272,44.912,30.688,40.416,35.008,49.52,88.624,86.192,71.696,73.792,50.016,54.384,71.136,84.032,126.144,112.992,118.016,123.632,77.584,71.984
2020.07.05,66,49.936,50.944,42.592,54.832,48.224,35.28,45.056,41.312,41.328,71.808,59.472,59.6,75.968,53.952,45.616,58.224,107.36,137.984,105.04,119.568,120.176,95.568,70.608
2020.07.06,57.296,52.016,47.824,45.424,50.96,46.016,43.536,52.688,36.576,51.616,72.208,78.56,68.256,59.056,45.936,45.376,45.424,68.176,107.84,109.184,122.352,94.88,76.4,70.768
2020.07.07,56.224,50.752,48.608,46.464,53.44,46.64,36.496,43.952,39.152,40.176,80.016,63.376,80.288,77.248,44.672,41.264,65.904,82.704,105.408,121.68,112.048,108.336,92.256,79.872
2020.07.08,55.696,51.312,43.392,50.752,44.336,47.008,37.648,37.936,34.8,43.936,52.976,86.048,67.344,67.152,50.928,52.4,48.064,70.192,110.832,111.392,124.72,96.112,84.848,67.424
2020.07.09,67.888,51.744,42.704,43.456,53.824,56.112,32.88,50.08,36.304,47.104,78.432,76.144,64.432,70.16,51.6,43.936,50.992,76.576,115.104,122.352,117.568,122.64,90.432,91.488
2020.07.10,64.656,55.824,46.944,50.144,48.384,48.704,35.36,43.536,37.536,65.36,88.064,94.448,73.92,63.984,63.152,50.752,55.776,103.824,113.344,125.232,113.584,122.224,86.752,79.2
2020.07.11,63.824,51.552,42.56,46.912,48.4,53.072,55.664,41.776,37.792,44.752,91.936,85.232,87.808,78.016,72.256,42.704,51.936,79.552,114.016,121.392,106.368,124.688,104.016,73.856
2020.07.12,56.256,56.464,49.232,45.36,46.624,48.896,52.336,43.056,39.104,37.024,93.744,74.336,71.616,60.048,54.8,51.072,46.528,63.28,122.272,112.464,131.76,110.688,82.464,71.552
2020.07.13,61.968,50.448,45.28,45.856,41.312,53.28,51.952,36.816,38.528,39.52,74.048,67.568,59.44,68.416,63.52,44.928,47.92,89.44,116.192,119.424,102.448,117.44,84.912,72.128
2020.07.14,58.64,49.232,43.088,46.48,52.496,45.456,53.712,42.016,35.952,43.04,66.56,68.448,62.336,66.816,47.888,53.76,56.752,82.992,108.72,127.92,114.592,104.608,79.456,66.384
2020.07.15,59.312,53.92,46.224,43.264,51.264,52.416,57.504,46.976,42.384,50.864,63.6,85.264,67.056,83.856,56.304,47.12,65.072,85.024,120.048,135.456,112.8,100.896,86.496,67.52
2020.07.16,60.48,50.464,48.432,48.176,46.4,54.912,57.28,43.84,37.904,41.152,79.712,74.912,86.704,54.304,47.84,48.672,42.624,109.2,125.696,115.008,125.184,122.064,87.872,79.344
2020.07.17,55.776,51.456,47.6,44.608,49.28,64.864,47.056,36.528,31.568,46.544,96.128,91.68,84.912,74.976,62.656,48.528,61.696,80.352,116.48,118.128,116.416,97.088,77.216,79.616
2020.07.18,69.92,51.184,50.304,50.96,51.408,46.24,53.136,32.512,48.672,39.2,97.984,91.744,79.28,80.288,82.8,61.52,55.584,93.968,115.472,125.536,127.792,121.408,88.848,88.192
2020.07.19,57.76,52.448,49.712,43.808,49.008,54.256,56.128,62.56,38.416,43.168,84.576,73.6,81.904,60.4,55.2,48.64,49.552,67.952,124.64,114.56,131.664,94.4,99.2,74.064
2020.07.20,63.152,53.952,47.52,44.928,48,51.488,61.696,56.816,45.792,56.72,67.088,79.104,67.12,51.408,56.992,51.248,50.8,79.632,122.208,116.688,115.408,124.368,103.76,72.992
2020.07.21,56.048,52.528,47.888,45.168,49.552,46.544,48,41.328,49.824,41.824,77.712,69.36,71.648,69.84,58.848,59.6,60.8,90.816,124.144,111.12,123.552,103.648,95.36,63.28
2020.07.22,62.576,52.64,43.648,45.776,50.688,47.216,55.776,42.8,34.304,44.8,78.336,80.272,82.624,86.56,63.504,51.824,61.504,71.52,116.896,112.768,119.056,128.64,92.064,68.976
2020.07.23,54.896,50.016,39.984,42.096,50.096,44.064,53.424,45.536,45.344,36.256,79.808,74.992,73.28,88.432,51.456,43.04,58.528,78.56,129.472,113.392,116.24,127.088,90.336,73.696
2020.07.24,62.032,56.784,49.952,44.928,50,49.808,51.232,41.808,44.256,57.296,75.296,87.344,76.032,67.008,60.544,55.552,67.168,79.984,124.672,112.272,115.584,107.328,91.072,75.024
2020.07.25,59.264,54.624,48.784,47.584,47.504,50.448,59.648,38.08,38.528,49.664,91.728,86.64,73.92,90,79.84,62.352,69.936,105.392,118.848,108,135.088,125.616,113.872,72.544
2020.07.26,62.688,51.36,47.808,51.36,54.784,42.304,57.856,58.752,29.36,40.624,73.744,76.976,81.264,67.44,58.672,54.224,68.192,108.288,155.696,171.696,147.904,154.4,95.392,73.056
2020.07.27,62.08,51.04,55.376,50.448,51.808,52.8,64.944,58.336,38.336,41.6,78.592,86.448,85.856,63.984,47.296,64.176,64.432,92.32,150.096,145.968,132.4,131.648,111.936,75.008
2020.07.28,61.856,48.848,45.024,40.896,49.744,49.136,60.672,63.76,44.448,53.12,102.944,80.656,89.2,74.08,59.312,44.048,65.152,95.872,132.208,140.896,122.88,133.392,101.84,77.824
2020.07.29,67.344,50.112,42.416,45.744,52.064,47.744,57.888,53.568,47.584,43.712,74.864,71.936,75.952,68.016,60.24,48.784,64.48,94.896,116.72,124.128,120.128,119.056,86.128,68.592
2020.07.30,65.504,49.072,44.368,44.336,55.808,50.768,62.528,51.936,47.264,65.824,86.624,69.408,73.712,88.64,53.584,56.496,56.864,102.176,124.336,118.224,123.152,133.648,95.872,88.112
2020.07.31,61.6,64.432,52.688,47.52,50.128,56.848,55.888,49.824,40.992,51.648,83.264,108.176,69.168,75.2,65.856,55.424,76.704,110.928,114.912,121.664,120.976,108.16,94.816,84.208
2020.08.01,60.256,57.728,48.144,50.512,51.76,52.752,57.68,50.464,46.928,55.536,86.672,96.752,84.368,73.504,54.544,59.552,78.448,111.888,142.528,139.856,125.344,126.576,109.776,68
2020.08.02,58.176,51.264,44.736,43.776,50.4,54.656,66.16,55.856,54.416,44.672,76.272,82.032,90.176,90.288,77.696,60.992,66.176,130.208,147.344,131.872,122.672,138.32,92.128,72.48
2020.08.03,62.4,46.832,42.512,41.984,52.784,49.888,52.32,56.24,39.424,49.312,83.184,95.456,83.808,79.92,73.696,57.904,67.504,113.952,153.776,136.8,145.296,126.384,126.432,88.528
2020.08.04,62.704,54.512,49.312,49.344,56.816,50.416,61.248,65.808,59.12,58.224,83.952,97.264,98.384,99.904,78.848,67.76,100.352,139.456,162.192,164.224,159.936,147.36,90.816,78.128
2020.08.05,63.856,54.4,55.36,51.12,51.696,49.952,64.8,49.792,53.584,49.04,93.824,103.072,102.112,101.6,88.128,68.464,86.112,130.704,153.104,184.688,177.936,167.68,109.2,75.728
2020.08.06,73.008,55.76,51.92,57.68,59.152,61.072,57.44,52.896,54.16,54.384,101.696,105.792,100.656,118.16,72.576,76.08,85.744,121.824,171.888,164.928,163.984,154.624,107.76,88.496
2020.08.07,68.848,58.016,49.632,50.336,56.096,57.008,60.16,54.544,59.68,56.352,88.544,95.856,102.256,93.792,75.616,68.176,95.216,139.616,146.64,147.808,150.08,153.136,106.768,101.552
2020.08.08,68.576,57.168,53.856,57.472,58.032,54.144,62.448,52.288,64.816,66.8,103.648,159.376,122.128,137.6,110.88,89.92,113.36,165.376,181.2,164.576,150.288,156.704,114.56,92.112
2020.08.09,71.44,58.176,50.896,54.304,59.52,52.896,58.56,78.736,55.712,53.312,95.36,95.408,95.472,99.856,77.12,65.392,84.864,119.888,163.36,166.272,167.92,181.424,122.56,90.336
2020.08.10,85.984,63.6,55.824,52.096,63.888,58.064,58.832,71.296,57.424,57.392,96.672,88.928,89.056,98.416,73.104,69.296,73.712,134.56,154.288,160.928,166.8,155.952,135.296,92.752
2020.08.11,82.352,64.496,57.392,54.688,64.704,53.2,68.544,67.088,64.72,63.216,116.976,120.608,116.048,98.336,63.328,56,78.48,117.728,167.12,163.152,174,189.792,106.24,96.448
2020.08.12,72.032,60.144,54.112,50.512,70.848,64.304,64.208,78.496,62.224,58.768,94.736,105.792,99.28,115.648,72.128,75.008,82.784,124.624,149.984,153.904,150,140.064,109.824,85.28
2020.08.13,72.832,66.544,64.032,56.448,58.976,52.704,55.488,59.888,52.496,58.32,109.696,106.352,103.12,94.528,83.168,70.672,77.376,135.472,162.848,150.048,142.864,138.672,128.64,110.464
2020.08.14,76.368,68.144,54.848,55.072,59.424,67.424,74.256,67.12,51.536,55.744,126.496,99.36,100.752,108.592,97.616,77.744,94.656,167.216,178.32,179.584,170.912,173.296,127.632,111.408
2020.08.15,81.76,61.552,65.552,52.256,64.944,54.672,59.136,62.464,59.84,64.032,125.264,121.568,126.608,137.776,81.44,72.368,96.688,153.808,166.416,169.264,192.224,162.752,110.16,84.928
2020.08.16,74.048,71.872,52.08,48.944,59.84,55.008,78.352,66.688,45.984,60.192,87.312,110.992,112.336,99.584,89.344,70.32,73.328,107.2,146.672,155.216,160.272,150.032,113.248,96.112
2020.08.17,68.976,64.736,55.744,51.68,53.536,51.76,62.016,70.88,45.392,56.912,101.6,110.16,105.872,98.976,63.696,49.744,77.968,113.536,139.952,143.648,143.312,152.192,119.04,75.12
2020.08.18,77.712,66.816,58.08,60.448,56.416,58.928,58.896,60.624,53.664,60.256,101.968,79.904,92.432,94.336,52.832,74.128,77.952,113.424,138.896,148.16,167.328,128.816,129.536,80.464
2020.08.19,66.464,56.752,54.176,50.56,62.736,60.416,67.68,85.584,51.28,53.968,94.256,91.056,106.336,96.384,68.832,67.136,77.568,113.616,147.936,136.032,155.232,163.152,105.424,77.024
2020.08.20,76.368,58.784,55.84,48.096,49.088,49.504,55.36,56.016,45.328,59.872,93.04,86.256,73.104,95.696,61.824,59.536,72.752,101.408,165.968,153.744,125.184,166.832,120.128,97.472
2020.08.21,79.216,59.136,48.096,47.76,57.984,54.8,61.168,62.256,51.136,49.84,85.36,87.136,91.84,96.496,80.56,80.928,83.376,120.832,159.216,169.456,163.264,142.848,107.408,96.624
2020.08.22,72.08,64.384,56.144,53.76,52.096,50.72,55.952,57.504,66.256,75.2,102.336,124.96,108.32,97.344,81.728,85.168,80.048,104.96,158.72,139.008,140.192,141.728,101.872,77.712
2020.08.23,76.288,58.624,50.592,51.552,52.24,48.88,59.52,62.368,65.808,53.456,88.832,64.944,70.976,96.064,52.944,52.592,64.096,110.48,131.632,133.584,136.8,139.28,95.024,69.536
2020.08.24,78.528,53.104,62.064,44.288,59.568,60.944,52.336,67.344,49.12,55.04,100.896,85.712,81.68,99.664,76.848,77.232,75.456,167.232,153.152,157.44,181.376,144.24,93.28,69.568
2020.08.25,64.96,51.952,47.904,48.944,59.184,49.856,61.408,61.904,48.96,45.536,98.288,88.608,96.128,95.648,82.08,86.416,98.24,157.712,175.344,166.656,176.832,152.992,113.12,100.4
2020.08.26,66.592,61.136,59.024,53.312,59.632,53.168,71.744,76.864,46.128,54.56,105.696,94.096,91.312,95.328,91.264,83.536,80.528,130.816,143.808,191.056,165.312,172.336,123.472,95.056
2020.08.27,72.768,70.384,58.272,55.552,61.808,68.608,65.824,96.624,62.912,55.68,97.984,98.432,111.216,115.392,87.888,88.512,105.392,158.576,162.16,159.616,155.472,176,115.696,92.4
2020.08.28,73.488,62.992,48.72,54.752,63.632,55.392,72.464,51.808,58.912,78.688,121.728,136.944,112.528,109.808,124.528,97.488,105.376,148.176,178.928,207.088,172.112,204.112,136.384,100.864
2020.08.29,99.36,86.368,67.744,53.28,66.784,67.68,71.568,64.24,62.368,72.512,137.632,135.36,132.8,120.112,100.912,92.704,109.776,147.84,177.568,162.144,189.36,186.256,128.16,79.328
2020.08.30,70.464,52.864,56.336,56.448,56.672,58,66.224,59.504,59.28,44.592,84.736,94.128,94.224,95.808,69.84,79.056,76.368,136.528,163.856,151.344,170.576,160.976,111.664,95.84
2020.08.31,66.96,63.376,61.088,61.296,67.472,72.176,60.432,67.424,56.144,67.552,85.488,90.88,92.928,97.04,86.832,60.192,83.36,118.336,158.064,164.752,161.168,143.728,113.04,92.64
2020.09.01,68.16,67.616,54.192,65.696,64.416,58.144,68.4,66.72,58.032,66.08,123.856,138.992,118.064,86.16,92.496,90.88,90.64,147.04,172.176,170,175.808,174.704,112.784,88.08
2020.09.02,81.68,61.904,55.04,60.688,59.488,70.128,74.336,58.64,67.12,59.376,110.912,114.064,111.04,137.12,91.984,89.456,86.048,122.72,161.152,164,162.88,163.312,118.752,96.368
2020.09.03,70.656,57.2,60.272,58.336,54.912,61.68,68.512,73.12,64.592,50.784,91.632,93.552,93.808,89.52,89.552,75.296,99.104,142.304,176.336,191.472,205.488,198.784,128.016,117.52
2020.09.04,90.832,70.896,63.568,53.888,59.728,62.912,66.384,63.824,70.432,85.696,145.264,134.368,118.8,140.784,110.208,103.872,91.92,147.664,187.904,183.344,179.984,188.736,128.16,107.28
2020.09.05,87.264,77.232,60.048,64.976,73.504,63.392,56.544,56.112,63.344,80.992,122.048,104.912,142.288,128.096,111.008,119.328,103.472,155.216,197.648,158.976,196.304,172.368,122.832,105.68
2020.09.06,79.616,62.688,66.112,52.208,57.76,58.688,73.248,73.2,46.208,63.408,78.704,99.392,81.568,110.224,63.792,75.12,95.552,146.672,178.992,166.448,171.76,174.912,118.496,102.784
2020.09.07,88.272,74.448,63.92,66.64,66.72,70.592,69.648,78.336,69.792,71.616,124.992,134.912,126.304,128.848,149.28,126.8,106.336,181.168,199.984,200.608,204.496,201.232,164.176,130.416
2020.09.08,103.328,90.672,69.728,67.952,75.488,66.704,70.16,67.872,64.128,82.944,120.912,113.584,125.12,123.856,121.536,110.144,105.824,170.128,196.928,166.992,207.152,171.76,134.48,92.592
2020.09.09,82.592,63.536,63.936,64.464,64.256,61.072,69.408,78.864,60,77.248,98.56,94.288,101.36,103.44,86.384,87.328,99.376,127.568,168.4,193.472,169.024,161.632,150.816,105.952
2020.09.10,84.608,70.752,68.48,62.864,62.656,68.976,72.304,64.368,69.552,58.4,102.432,111.296,116.864,137.92,126.576,102.848,97.632,128.416,204.56,180.512,197.136,188.24,176.112,135.392
2020.09.11,91.552,73.6,69.872,54.288,64.336,64.864,76.816,55.568,68.752,64.816,111.36,132.928,125.456,123.808,106.704,96.08,123.632,159.984,211.072,197.712,212.464,209.6,139.472,122.736
2020.09.12,90.4,82.432,67.664,61.856,69.488,65.68,74.768,51.92,63.792,79.376,112.4,137.712,139.024,144.688,107.296,91.184,119.856,149.904,193.28,210.976,195.872,156.224,148.784,101.936
2020.09.13,81.824,66.24,68.704,63.344,70.528,60.464,75.136,66.576,57.936,56.928,92.064,106.4,104.8,113.696,77.808,67.808,79.44,97.04,133.776,183.104,149.312,148.176,109.056,91.12
2020.09.14,75.472,59.632,64.912,64.928,60.384,54.56,71.04,63.056,62.448,62.864,117.552,101.36,115.152,98.288,76.736,71.744,83.216,139.312,173.936,185.728,172.384,178.432,133.312,114.928
2020.09.15,92.576,83.2,73.088,65.904,63.968,67.552,62.128,81.104,62.416,76.112,103.488,117.744,102.688,114.32,77.472,81.888,98.032,115.92,177.296,186.88,189.696,188.336,137.456,104.32
2020.09.16,88.4,72.032,58.416,59.776,60.576,56.448,64.928,73.232,54.944,44.304,126.816,128.848,129.168,105.472,116.864,100.368,93.984,159.072,184.576,205.92,199.68,206.208,153.264,106.24
2020.09.17,84.96,68.064,68.72,63.104,73.52,61.68,71.952,74.128,52.352,62.24,119.488,95.264,105.28,111.04,111.152,110.88,110,170.352,205.456,200.592,200.192,199.488,161.408,133.744
2020.09.18,91.504,71.76,66.368,63.68,63.376,63.264,67.696,58.816,63.088,66.048,138.816,147.424,134.784,125.888,138.64,126.384,116.208,167.104,193.376,203.68,229.28,172.768,161.296,113.152
2020.09.19,103.84,85.84,69.84,68.96,76.608,78.176,68.8,75.344,75.552,89.088,135.536,160.608,148.832,136.128,120.944,107.904,120.432,173.712,210.208,184.848,203.152,194.128,172.672,128.144
2020.09.20,92.048,76.352,78.768,61.104,62.608,59.552,64.384,73.76,66.512,85.808,140.352,134.24,138.16,124.96,97.824,110.784,97.904,155.456,199.072,196.8,224.416,211.168,154.496,124.288
2020.09.21,96.688,69.968,66.656,64.368,64.016,71.28,77.456,77.392,68.72,78.08,139.072,136.56,132.288,138.672,111.68,112.256,100.656,151.84,206.528,213.712,212.4,228.752,150.016,111.12
2020.09.22,97.376,87.616,67.584,67.824,64.336,69.92,73.552,70.992,72.528,69.472,124.896,149.696,137.104,147.776,109.088,116.848,126.256,139.04,220.576,224.656,238.24,228.24,183.584,123.824
2020.09.23,118.912,70.128,61.312,66.752,62.256,60.896,66.72,73.504,61.584,85.648,135.328,150.48,131.024,150.896,119.312,125.968,136.784,189.888,183.6,191.456,268.464,228.368,158.752,131.744
2020.09.24,95.12,81.12,74.96,70.176,69.232,71.696,80.192,84.752,82.272,85.712,140.032,162.4,151.664,153.696,132.272,99.28,115.056,163.968,219.232,242.496,216.88,240.928,178.832,137.616
2020.09.25,101.552,81.12,66.128,73.808,77.664,66.864,71.888,50.864,65.376,98.656,134.032,184.96,167.488,157.232,143.824,122.336,145.792,191.888,216.272,218.08,215.424,207.744,171.52,145.408
2020.09.26,112.864,92.352,61.648,64.496,55.712,61.04,54.56,56.752,77.024,67.808,106.624,128.224,143.648,142.496,108.256,76.704,82.464,142.416,209.632,210.176,173.216,182.704,187.888,136.88
2020.09.27,118.544,79.296,75.68,64.656,66.032,65.888,71.424,64.144,54.176,66.768,100.592,112.208,127.264,112.944,120.16,79.136,79.856,127.68,182.624,184.464,183.312,189.088,149.952,138.576
2020.09.28,98.688,76.576,67.536,69.424,59.44,62.768,68.8,70.224,70.096,95.984,130.496,123.872,118.016,124.4,103.248,85.312,101.952,129.68,192.016,194.272,182.56,203.424,167.536,120.176
2020.09.29,99.872,85.088,71.648,73.088,68.768,64.176,76.224,73.92,57.28,87.648,111.472,132.048,141.44,138.896,110.56,111.232,91.456,139.312,186.432,176.336,192.768,177.2,144.032,125.776
2020.09.30,97.44,87.616,66.64,54.64,57.104,53.488,60.64,46.288,73.856,78.544,106.416,131.824,115.92,127.92,113.728,129.584,97.648,190.288,165.52,160.928,151.632,176.48,123.024,100.784
2020.10.01,86.944,78.544,64.048,59.52,58.96,51.104,60.56,52.8,57.44,73.84,121.28,124.288,94.96,91.568,68.304,74.16,136.112,133.568,141.2,143.376,171.184,121.776,132.768,94.64
2020.10.02,87.872,81.44,60.336,50.32,55.776,49.872,54.048,41.616,41.312,56.032,110.368,111.744,104.432,114.784,96.848,106.416,92.48,133.552,145.76,169.584,158.944,122.592,115.344,97.904
2020.10.03,84.832,72.752,61.584,54.176,55.44,52.544,47.072,51.824,61.504,67.392,115.312,108,122.32,97.632,101.296,75.904,85.04,116.416,147.248,140.608,155.024,125.392,110.432,104.016
2020.10.04,85.456,67.776,71.072,67.776,58.752,61.328,61.2,49.904,55.136,77.504,96.464,114.64,127.504,100.496,82.528,92.96,107.456,105.584,147.408,138.704,133.52,132.592,121.088,99.36
2020.10.05,91.472,82.256,69.072,56.224,58.336,60.896,56.288,53.728,56.864,51.04,85.488,106.704,88.16,80,93.616,74.192,98.784,113.952,147.024,135.104,128.112,140.112,131.408,117.488
2020.10.06,94.96,79.568,60.24,51.408,55.44,58.496,54.416,50.224,54.352,64.288,86.64,89.92,86.832,81.008,79.776,100.048,98.656,104.224,136.944,135.456,159.504,143.216,123.648,112.912
2020.10.07,94.16,78.304,60.784,60.4,62.768,55.024,56.528,50.08,60.592,68.032,69.28,99.36,89.44,78.08,71.264,89.824,82.688,105.072,159.68,148.608,150.224,127.136,124.08,109.408
2020.10.08,90.928,75.36,67.344,62.656,57.648,58.864,57.44,48.816,65.584,53.216,77.248,85.088,86.32,58,73.584,73.136,77.632,92.88,126.016,123.776,144.288,130.832,118.848,93.312
2020.10.09,91.312,70.944,69.28,62.368,57.168,55.808,57.248,45.888,47.648,60.368,50.848,72.528,56.16,73.008,70.96,83.728,78.112,87.648,130.576,130.272,116.864,121.184,128,91.568
2020.10.10,92.128,75.872,65.008,59.184,55.952,59.024,52.352,41.168,56.208,64.96,66.608,60.32,70.944,59.696,65.92,72.576,62.656,81.424,119.552,129.728,119.12,117.008,105.584,106.496
2020.10.11,73.808,58.56,55.088,50.224,52.752,57.2,49.072,46.096,53.888,57.792,74.624,76.928,75.408,63.28,65.36,64.56,59.264,80.736,109.664,115.584,127.824,114.592,120.016,98.144
2020.10.12,80.48,62.928,65.328,56.224,54.064,51.344,50.96,46.64,56.72,58.816,65.44,62.352,77.52,58.208,65.92,61.152,64.256,82.48,133.344,133.872,127.088,119.024,109.856,95.472
2020.10.13,82.432,68.304,54.576,57.744,59.472,54.608,59.088,42.688,56.352,74.752,55.472,64.016,77.696,60.288,71.216,84.256,76.928,90.704,142.096,111.6,139.664,143.888,122.288,111.488
2020.10.14,83.648,75.296,67.872,54.832,60.784,47.76,58,55.744,63.472,62.672,66.928,80.16,79.056,74.56,73.696,66.656,84.768,97.408,126.272,143.056,155.664,134.128,122.928,104.352
2020.10.15,90.112,82.656,67.728,61.36,55.488,61.104,56.576,44.848,63.056,61.984,65.28,60.176,73.424,63.824,85.536,87.728,85.024,101.232,142.528,140.4,142.784,134.56,124.208,107.632
2020.10.16,82.768,77.856,69.84,71.376,61.072,58.208,58.912,61.552,64.4,66.736,64.752,94.544,104.64,87.792,90.24,95.44,89.92,98.416,135.424,134.848,147.12,138.352,142.784,103.536
2020.10.17,83.856,73.84,72.416,65.184,56.736,57.184,56.48,49.776,52.032,68.512,70.304,88.736,98.336,74.64,68.784,61.408,55.568,83.744,123.856,111.824,145.616,132.672,122,96.512
2020.10.18,80.56,76.784,61.232,53.808,56.352,54.912,52.912,68.944,91.136,65.344,49.12,58.384,63.024,56.656,57.168,59.696,50.496,70.192,130.4,121.008,133.888,129.152,109.12,93.088
2020.10.19,70.736,75.168,52.784,46.944,44.544,55.84,48.768,42.352,64.88,66.352,56.112,59.712,72.864,94.016,79.2,70.08,73.264,79.28,133.568,119.056,118.336,114.48,94.992,93.184
2020.10.20,69.744,58.752,50.288,49.04,44.72,46.96,44.08,52.704,54.656,61.84,43.904,66.032,57.792,50.544,47.472,56.8,54.8,59.04,104.128,103.648,103.968,92.848,97.728,92.288
2020.10.21,64.88,59.52,46.512,47.696,44.976,51.696,51.344,59.648,57.168,71.664,54.352,66.304,65.408,56.128,42,66,62.768,71.296,105.152,110.688,114.176,89.744,98.8,91.872
2020.10.22,65.648,51.6,49.344,50.912,46.352,51.408,47.456,41.408,49.808,44.768,60.992,49.488,58.544,67.92,53.408,53.296,61.072,74.256,106.656,101.872,111.344,115.312,113.248,79.68
2020.10.23,71.312,65.44,44.72,43.008,46.256,48,47.808,37.056,49.648,48.896,39.296,48.16,65.552,56.368,57.712,67.232,81.344,82.624,148.688,126.032,129.424,129.344,116.08,98.96
2020.10.24,87.968,64.8,59.888,60.352,54.304,54.816,53.856,51.248,54,77.04,78.864,80.56,56.176,68.592,66.512,79.008,73.712,94.16,145.376,162.624,143.008,130.288,111.2,92.24
2020.10.25,93.152,64.896,49.024,55.216,53.568,49.456,51.824,52.16,68.24,55.536,63.552,64.944,72.896,65.184,66.768,74,91.712,97.936,119.024,151.92,159.392,148.72,112.64,104.432
2020.10.26,93.84,84.704,75.328,54.496,52.944,54.992,57.168,61.856,59.104,55.952,52.496,52.144,73.344,69.536,63.248,79.808,61.584,88.192,115.968,138.992,142,121.696,110.832,88.304
2020.10.27,87.296,68.32,63.792,58.272,53.264,52.896,56,45.216,75.36,55.28,61.616,72.528,55.024,60.624,51.376,67.36,74.88,92.832,110.528,139.168,167.36,150.64,138.624,112.304
2020.10.28,84.4,56.368,56.4,50.304,54.56,48.16,52.144,50.688,57.904,63.216,83.552,68.8,82.56,87.568,61.088,55.2,59.984,71.744,101.952,124.448,123.52,124.512,107.312,91.872
2020.10.29,76.384,67.232,53.584,52.08,53.456,52.272,52.672,46.112,54.208,64.4,58.496,72.464,77.664,74.512,66.224,75.712,81.632,84.944,110.128,117.264,115.936,126.208,101.296,87.712
2020.10.30,83.472,59.68,52.288,51.264,48.576,52.928,44.448,34.752,54.944,48.496,65.52,91.248,66.096,62.72,61.024,47.664,62.176,86.912,88.16,113.872,125.344,122.544,109.856,105.136
2020.10.31,77.968,79.104,61.552,54.176,52.448,56.496,58.176,61.28,64.72,42.208,73.824,82.784,73.104,57.36,53.248,69.504,67.376,73.952,92.976,116.144,117.856,120.624,98.752,90.768
2020.11.01,73.504,64.64,47.504,46.912,51.888,44.128,45.152,50.4,56.064,46.896,75.552,58.272,63.856,55.328,47.264,56.672,40.528,64,76.496,114.944,119.488,91.04,87.552,78.656
2020.11.02,61.952,49.872,46.816,45.504,44.192,40.672,44.752,46.976,38.896,46.64,59.216,59.68,54.208,55.248,57.104,51.872,51.168,64.896,109.408,104.656,123.984,95.28,85.152,69.056
2020.11.03,63.44,50.88,51.184,45.648,46.32,45.712,47.12,39.712,50.096,40.592,66.64,67.952,80.272,60.176,64.096,69.488,67.376,85.872,118.416,144.432,111.776,117.488,102.928,82
2020.11.04,65.488,50.864,44.112,44.752,43.952,46.848,46.816,52.624,44.784,51.456,55.696,54.752,60.032,51.04,48.72,61.344,68.48,58.496,102.384,115.088,121.536,106.448,99.232,79.12
2020.11.05,56.096,49.568,45.376,38.896,39.216,45.072,48.624,44.592,51.376,50.96,60.16,53.632,71.76,61.344,48.352,54.672,59.632,68.176,112.944,124.768,123.872,111.808,102.816,84.48
2020.11.06,66.032,47.088,43.856,42.352,42.016,44.688,50.656,31.488,53.408,43.408,63.584,56.208,59.184,56.544,66.656,76.064,83.696,80.512,112.304,111.168,125.168,124.8,95.424,84.832
2020.11.07,61.936,50.576,54.8,41.984,45.28,41.744,45.36,36.784,55.984,40.352,53.504,70.464,66.624,52.512,60.272,73.536,64.128,93.328,117.824,129.28,116.176,108.8,118.576,86.192
2020.11.08,60.752,53.728,50.208,49.248,43.408,47.312,54.816,56.4,56.944,51.024,58.368,55.904,69.12,45.504,64.368,53.28,47.52,66.928,91.744,121.616,128.784,128.128,110.048,90.896
2020.11.09,71.376,57.856,50.608,45.744,41.68,44.56,43.552,52.864,51.792,45.328,52.56,71.376,53.856,58.016,65.872,53.104,68.624,78.112,97.12,128.704,122.128,118.72,105.568,85.12
2020.11.10,59.44,55.536,45.28,41.2,44.736,47.04,46.368,48.464,45.344,54.416,55.568,62.288,61.152,54.608,54.656,54.944,51.6,63.808,100.144,116.848,129.504,134.496,119.504,87.76
2020.11.11,67.024,51.36,55.344,49.952,45.84,42.752,42.528,41.744,55.456,44.176,76.992,62.32,76.752,53.712,54.928,56.624,53.232,60.224,72.48,106.944,119.472,112.624,110.848,87.392
2020.11.12,65.808,51.36,43.504,44.704,42.688,43.36,45.568,43.392,42.816,50.272,62.688,57.856,66.512,58,49.472,47.76,56.8,61.808,80.4,94.016,93.888,107.248,96.224,70.128
2020.11.13,65.136,54.4,47.344,41.2,43.68,44.208,39.952,48.624,47.904,45.36,68.304,69.456,58.288,53.024,62.352,54.544,52.832,58.88,75.072,101.152,104.464,105.008,90.016,87.328
2020.11.14,64.56,50.88,42.576,38.688,46.368,41.056,44.272,33.44,45.92,37.904,52.016,59.888,79.84,40.64,49.344,42.128,49.568,68.896,74.896,94.368,116.832,111.456,107.008,87.648
2020.11.15,60.432,45.664,46.112,41.76,40.048,42.336,41.312,46.8,41.856,55.104,56.48,61.152,57.952,53.328,42.768,48.816,52.384,52.928,86.32,113.616,107.28,110.256,99.92,66.24
2020.11.16,58.064,44.88,46.432,48.944,38.224,46.384,50.576,37.216,54.4,46.592,59.136,52.624,55.776,49.168,54.208,51.696,51.856,56,85.632,120.912,110.752,111.264,113.232,83.264
2020.11.17,60.544,52.176,43.6,48.56,45.072,42.576,39.104,35.568,41.584,42.32,59.792,49.472,51.488,52.688,42.576,34.56,52.288,55.632,79.04,103.904,95.088,109.936,95.648,83.744
2020.11.18,62.368,50.896,45.248,46.656,42.208,38.624,23.376,47.696,43.312,40.384,52.304,52.096,51.408,47.28,55.696,47.648,44.096,50.048,78.528,103.872,88.208,101.856,95.504,65.792
2020.11.19,55.344,50.256,41.744,42.032,39.552,41.184,26.112,45.92,55.168,51.312,51.376,56.048,55.296,51.76,48.96,50.48,65.424,56.928,78.784,107.072,118.432,105.52,88.256,74.656
2020.11.20,68.016,51.36,50.544,45.088,42.016,44.56,28.24,43.408,46.96,48.256,54.544,61.456,72.192,44.752,55.392,54.336,51.952,51.52,57.968,104.832,100.96,91.728,88.528,78.176
2020.11.21,64.048,64.784,47.744,44.448,42.192,38.688,24.848,43.904,52.016,52.064,60.864,54.432,55.344,49.776,58.368,39.312,45.952,48.8,73.856,82.592,104.096,86.848,101.216,79.408
2020.11.22,60.096,51.248,45.712,37.264,44.576,44.672,29.44,36.432,45.792,44.096,58.4,50.928,47.504,46.512,42.992,38.752,41.024,51.28,71.248,95.68,100.176,102.368,103.568,92.24
2020.11.23,55.872,49.936,52.384,37.92,40.16,46.88,29.728,54.448,47.68,58.768,65.472,62.976,51.872,46.112,38.176,43.856,48.8,49.904,73.344,101.312,98.464,102.752,97.68,66.464
2020.11.24,54.592,51.44,44.128,40.24,40.08,41.152,29.92,36.768,40.672,49.024,73.568,56.368,51.888,46.768,39.12,40.272,46.496,50.224,71.92,100.464,102.464,102.304,84.736,69.056
2020.11.25,54.496,41.472,42.88,44.16,41.44,43.28,30.976,39.392,49.072,51.184,58.128,57.616,49.232,47.536,47.024,38.336,49.888,47.424,62.128,89.296,93.424,95.648,93.744,62.096
2020.11.26,49.536,48.192,39.648,38.96,41.488,38.784,30.864,41.056,45.664,58.88,54.656,60.08,57.168,52.896,46.96,54.624,48.048,55.52,59.968,99.904,108.176,94.096,103.664,70.736
2020.11.27,54.784,55.68,43.52,40.352,40.608,40.656,29.008,41.024,49.04,39.584,55.664,62.528,51.952,55.424,43.536,42.432,65.408,60.512,75.904,99.424,96.096,92.56,86.592,79.904
2020.11.28,65.536,51.872,50.24,43.872,47.44,47.472,26.416,43.328,38.272,51.52,66.08,68.416,73.28,69.968,62.768,62.448,59.392,59.472,74.592,97.216,81.36,92.768,85.872,75.632
2020.11.29,61.92,50.688,44.528,39.792,45.216,45.168,28.08,54.016,48.352,56.272,67.232,66.352,72.128,62.912,49.344,38.224,53.456,54.112,70.912,119.424,114.448,108.832,89.424,77.008
2020.11.30,59.456,47.696,51.2,39.984,48.512,47.328,39.264,54.08,50.688,67.776,80.912,68.352,75.2,63.504,44.528,42.4,59.104,74.08,82.864,120.528,109.68,107.952,96.848,69.648
2020.12.01,63.792,50.384,46.064,44,45.904,48.192,28.336,50.704,49.008,61.744,91.312,55.456,70.4,62.656,57.248,57.888,57.6,73.696,79.792,117.696,128.528,112.048,102.624,75.808
2020.12.02,54.512,54.032,44.416,42.96,52.672,42.768,27.232,55.024,46.48,81.04,90.384,75.184,74.112,69.44,51.84,49.872,54.48,53.712,89.968,126.96,106.576,93.456,80.64,79.152
2020.12.03,59.36,52.24,47.68,42.432,44.576,42,30.448,40.4,48.192,48.384,79.408,92.576,77.744,67.568,60.352,53.728,61.792,104.24,115.712,152.048,135.136,114.144,109.44,83.024
2020.12.04,62.208,51.36,58.192,44.672,46.816,41.488,29.84,40.704,48.704,53.808,85.52,97.92,102.048,107.12,92.128,80.08,91.376,115.264,143.696,152.656,164.928,150.096,109.616,85.536
2020.12.05,60.176,45.712,44.976,43.648,38.832,43.584,32.704,48.768,45.12,53.744,111.808,118.848,114.032,87.712,86.752,103.472,93.264,122.336,135.248,164.256,152.112,132.368,127.6,89.024
2020.12.06,71.296,61.072,56.832,43.072,49.696,48.064,34.304,44.4,44.48,54.928,116.224,78.992,98.896,103.36,88.416,66.56,58.368,103.312,113.04,143.648,143.712,144.976,100.768,74.08
2020.12.07,65.536,57.376,51.024,41.504,47.2,42.976,31.024,47.6,47.488,49.056,92.768,84.592,93.984,71.408,61.28,62.608,73.328,95.696,118.768,145.232,127.664,124.464,117.136,82.464
2020.12.08,60.496,52.576,49.792,50.992,52.768,50.176,38.608,49.664,54.784,56.192,90.944,82.64,88.992,79.904,65.92,53.056,62.304,97.84,93.856,146.16,130.672,145.104,114.384,88.8
2020.12.09,56.512,47.888,44.096,42.4,46.256,44.576,42.944,42.064,52.928,50.48,79.2,90,93.872,89.344,70,69.2,54.528,60.736,110.24,129.2,137.744,151.904,93.52,80.256
2020.12.10,60.64,47.76,50.88,51.072,46.784,45.088,44.8,35.232,43.152,55.072,80.16,68.336,87.616,68.24,53.056,70.096,65.2,73.696,90.896,143.696,128.416,124.288,104.064,73.088
2020.12.11,64.416,54.688,46.48,42.544,45.952,43.904,35.28,47.92,57.776,54.224,87.616,105.92,69.872,70.976,57.456,46.512,53.248,85.088,101.184,122.048,107.008,114,83.728,67.904
2020.12.12,63.648,51.392,45.84,42.72,44.208,43.312,29.92,47.024,44.144,53.424,95.616,82.688,74,63.616,50.72,59.968,57.008,85.456,84.496,132.368,116.56,114.208,89.856,97.456
2020.12.13,66.64,59.088,43.28,39.024,46.864,55.232,35.056,47.536,36.272,48.688,74.496,97.44,89.872,71.648,66.192,47.504,73.12,73.136,96.928,112.544,123.168,129.376,106.496,70
2020.12.14,63.248,48.88,49.04,40.672,44.56,45.44,34.56,40.4,47.488,51.744,73.136,63.296,60.272,60.272,48.288,50.464,65.936,69.616,77.872,126.816,151.088,98.736,92.496,80.224
